"IDs","entero","Bacteria.Bacteroidetes.Bacteroidia.Bacteroidales.Bacteroidaceae.Bacteroides","Bacteria.Bacteroidetes.Bacteroidia.Bacteroidales.Porphyromonadaceae.Parabacteroides","Bacteria.Bacteroidetes.Bacteroidia.Bacteroidales.Rikenellaceae.Alistipes","Bacteria.Firmicutes.Clostridia.Clostridiales.Lachnospiraceae.unclassified","Bacteria.Firmicutes.Clostridia.Clostridiales.unclassified","Bacteria.Firmicutes.Clostridia.Clostridiales.Lachnospiraceae.Roseburia","Bacteria.Firmicutes.Clostridia.Clostridiales.Ruminococcaceae.Faecalibacterium","Bacteria.Firmicutes.Clostridia.Clostridiales.Ruminococcaceae.unclassified","Bacteria.Firmicutes.Clostridia.Clostridiales.Veillonellaceae.Phascolarctobacterium","Bacteria.Proteobacteria.Betaproteobacteria.Burkholderiales.Alcaligenaceae.Parasutterella","Bacteria.Firmicutes.Clostridia.Clostridiales.Ruminococcaceae.Oscillibacter","Bacteria.Firmicutes.Clostridia.Clostridiales.Ruminococcaceae.Ruminococcus","Bacteria.Bacteroidetes.Bacteroidia.Bacteroidales.Prevotellaceae.Paraprevotella","Bacteria.Bacteroidetes.Bacteroidia.Bacteroidales.Porphyromonadaceae.Barnesiella","Bacteria.Firmicutes.Clostridia.Clostridiales.Incertae_Sedis_XIV.Blautia","Bacteria.Proteobacteria.Betaproteobacteria.Burkholderiales.Alcaligenaceae.Sutterella","Bacteria.unclassified","Bacteria.Firmicutes.Clostridia.Clostridiales.Ruminococcaceae.Subdoligranulum","Bacteria.Firmicutes.Clostridia.Clostridiales.Veillonellaceae.Dialister","Bacteria.Firmicutes.Clostridia.Clostridiales.Lachnospiraceae.Coprococcus","Bacteria.Bacteroidetes.Bacteroidia.Bacteroidales.Porphyromonadaceae.unclassified","Bacteria.Bacteroidetes.Bacteroidia.Bacteroidales.unclassified","Bacteria.Bacteroidetes.Bacteroidia.Bacteroidales.Porphyromonadaceae.Odoribacter","Bacteria.Bacteroidetes.Bacteroidia.Bacteroidales.Prevotellaceae.Prevotella","Bacteria.Bacteroidetes.Bacteroidia.Bacteroidales.Porphyromonadaceae.Butyricimonas","Bacteria.Verrucomicrobia.Verrucomicrobiae.Verrucomicrobiales.Verrucomicrobiaceae.Akkermansia","Bacteria.Firmicutes.unclassified","Bacteria.Firmicutes.Clostridia.Clostridiales.Lachnospiraceae.Dorea","Bacteria.Proteobacteria.Alphaproteobacteria.unclassified","Bacteria.Firmicutes.Clostridia.Clostridiales.Eubacteriaceae.Eubacterium","Bacteria.Firmicutes.Clostridia.Clostridiales.Veillonellaceae.Acidaminococcus","Bacteria.Proteobacteria.Betaproteobacteria.Burkholderiales.unclassified","Bacteria.Firmicutes.Erysipelotrichi.Erysipelotrichales.Erysipelotrichaceae.Coprobacillus","Bacteria.Bacteroidetes.Bacteroidia.Bacteroidales.Rikenellaceae.unclassified","Bacteria.Bacteroidetes.unclassified","Bacteria.Firmicutes.Clostridia.Clostridiales.Veillonellaceae.unclassified","Bacteria.Firmicutes.Clostridia.Clostridiales.Veillonellaceae.Megamonas","Bacteria.Actinobacteria.Actinobacteria.Bifidobacteriales.Bifidobacteriaceae.Bifidobacterium","Bacteria.Firmicutes.Clostridia.unclassified","Bacteria.Firmicutes.Clostridia.Clostridiales.Veillonellaceae.Veillonella","Bacteria.Proteobacteria.Gammaproteobacteria.Enterobacteriales.Enterobacteriaceae.Escherichia.Shigella","Bacteria.Actinobacteria.Actinobacteria.Coriobacteriales.Coriobacteriaceae.Collinsella","Bacteria.Firmicutes.Erysipelotrichi.Erysipelotrichales.Erysipelotrichaceae.unclassified","Bacteria.Firmicutes.Clostridia.Clostridiales.Ruminococcaceae.Butyricicoccus","Bacteria.Fusobacteria.Fusobacteria.Fusobacteriales.Fusobacteriaceae.Fusobacterium","Bacteria.Firmicutes.Clostridia.Clostridiales.Lachnospiraceae.Anaerostipes","Bacteria.Proteobacteria.Gammaproteobacteria.Pasteurellales.Pasteurellaceae.unclassified","Bacteria.Firmicutes.Clostridia.Clostridiales.Ruminococcaceae.Acetivibrio","Bacteria.Firmicutes.Clostridia.Clostridiales.Ruminococcaceae.Anaerotruncus","Bacteria.Proteobacteria.unclassified","Bacteria.Bacteroidetes.Bacteroidia.Bacteroidales.Prevotellaceae.unclassified","Bacteria.Lentisphaerae.Lentisphaeria.Victivallales.Victivallaceae.Victivallis","Bacteria.Tenericutes.Mollicutes.Anaeroplasmatales.Anaeroplasmataceae.Asteroleplasma","Bacteria.Firmicutes.Erysipelotrichi.Erysipelotrichales.Erysipelotrichaceae.Catenibacterium","Bacteria.Firmicutes.Clostridia.Clostridiales.Ruminococcaceae.Acetanaerobacterium","Bacteria.Proteobacteria.Betaproteobacteria.unclassified","Bacteria.Firmicutes.Clostridia.Clostridiales.Clostridiaceae.Clostridium","Bacteria.Firmicutes.Clostridia.Clostridiales.Ruminococcaceae.Sporobacter","Bacteria.Proteobacteria.Gammaproteobacteria.Enterobacteriales.Enterobacteriaceae.unclassified","Bacteria.Firmicutes.Bacilli.Lactobacillales.Streptococcaceae.Streptococcus","Bacteria.Actinobacteria.Actinobacteria.Actinomycetales.Propionibacteriaceae.Propionibacterium","Bacteria.Firmicutes.Clostridia.Clostridiales.Veillonellaceae.Succiniclasticum","Bacteria.Firmicutes.Bacilli.Bacillales.Staphylococcaceae.Staphylococcus","Bacteria.Firmicutes.Clostridia.Clostridiales.Veillonellaceae.Megasphaera"
"700098289","700098289","Bacteroides",2460,141,485,219,394,153,135,177,130,87,130,74,0,0,81,0,118,20,1,73,0,1,33,0,30,3,100,17,0,0,35,0,22,40,1,2,0,6,2,0,10,1,2,9,0,19,0,6,3,0,NA,NA,NA,NA,NA,NA,NA,NA,NA,NA,NA,NA,NA,NA
"700015180","700015180","Bacteroides",7101,1402,802,201,1551,284,473,294,202,83,82,184,0,0,44,0,1215,50,16,126,1,31,156,0,98,44,487,21,0,0,39,0,9,25,5,13,0,5,160,0,2,0,12,4,0,4,0,27,8,0,NA,NA,NA,NA,NA,NA,NA,NA,NA,NA,NA,NA,NA,NA
"700033435","700033435","Bacteroides",2552,99,214,68,171,232,528,47,8,16,47,108,0,127,19,0,10,60,3,23,6,11,25,0,0,0,0,2,0,0,0,0,2,1,0,2,0,0,0,0,1,0,0,1,0,1,0,1,0,0,NA,NA,NA,NA,NA,NA,NA,NA,NA,NA,NA,NA,NA,NA
"700033438","700033438","Bacteroides",26358,1975,781,552,600,2127,1008,232,1129,68,244,0,3396,542,1254,1670,156,10,0,122,26,436,228,6,34,2,32,460,0,12,0,102,0,2,6,24,0,8,2,46,0,24,2,16,0,26,398,8,12,6,NA,NA,NA,NA,NA,NA,NA,NA,NA,NA,NA,NA,NA,NA
"700035176","700035176","Bacteroides",1224,104,18,28,24,36,22,20,16,17,4,22,0,0,12,0,2,2,9,13,0,0,10,0,0,0,0,0,0,0,0,2,0,0,0,2,0,0,1,0,0,0,0,0,0,0,0,0,0,0,NA,NA,NA,NA,NA,NA,NA,NA,NA,NA,NA,NA,NA,NA
"700095429","700095429","Bacteroides",4878,662,173,137,145,49,122,37,1344,0,74,18,800,214,167,122,26,19,0,27,26,150,16,30,152,50,2,8,0,0,0,4,6,5,1,17,0,0,0,0,0,1,0,0,1,4,0,0,0,0,NA,NA,NA,NA,NA,NA,NA,NA,NA,NA,NA,NA,NA,NA
"700097135","700097135","Bacteroides",2641,277,303,185,194,177,166,161,17,101,59,198,0,74,71,0,41,17,1,35,6,12,9,0,21,0,12,6,0,1,0,0,5,1,1,4,0,0,5,1,1,1,1,13,0,2,0,5,2,0,NA,NA,NA,NA,NA,NA,NA,NA,NA,NA,NA,NA,NA,NA
"700102432","700102432","Bacteroides",829,61,241,19,20,40,22,45,0,17,13,2,0,14,6,0,0,20,32,2,0,2,41,0,7,0,0,4,0,1,0,0,6,6,0,0,0,1,0,0,0,0,0,1,0,3,1,2,0,0,NA,NA,NA,NA,NA,NA,NA,NA,NA,NA,NA,NA,NA,NA
"700100490","700100490","Bacteroides",2636,409,85,70,212,31,40,96,0,22,10,117,0,0,2,0,104,30,14,5,4,3,3,0,5,1,43,4,0,0,0,0,6,13,1,2,0,0,5,0,0,0,0,0,0,0,0,7,0,0,NA,NA,NA,NA,NA,NA,NA,NA,NA,NA,NA,NA,NA,NA
"700024044","700024044","Bacteroides",7897,434,750,101,123,38,77,70,151,14,280,0,0,632,55,587,27,2,0,14,36,151,65,0,0,1,3,6,0,10,0,10,1,0,6,1,0,2,0,0,4,5,0,1,3,0,0,0,3,3,NA,NA,NA,NA,NA,NA,NA,NA,NA,NA,NA,NA,NA,NA
"700109340","700109340","Bacteroides",11705,19,5487,521,324,490,3587,533,5,91,212,418,0,763,84,0,29,124,0,113,422,88,19,0,0,250,5,14,0,2,0,0,5,2,91,3,0,0,24,1,1,1,7,0,0,2,1,3,2,0,NA,NA,NA,NA,NA,NA,NA,NA,NA,NA,NA,NA,NA,NA
"700038950","700038950","Bacteroides",4693,32,17,12,9,12,0,10,2,8,6,0,0,0,1,0,0,11,0,4,0,3,0,1,0,0,0,0,0,2,0,0,3,0,0,1,0,0,0,0,0,1,0,0,0,1,0,0,0,0,NA,NA,NA,NA,NA,NA,NA,NA,NA,NA,NA,NA,NA,NA
"700095850","700095850","Bacteroides",1407,97,139,29,25,18,29,8,36,411,21,0,0,0,3,0,5,1,0,2,0,4,19,0,0,0,0,4,0,1,0,0,0,0,0,4,0,0,0,0,2,1,0,3,1,3,1,0,0,0,NA,NA,NA,NA,NA,NA,NA,NA,NA,NA,NA,NA,NA,NA
"700015923","700015923","Bacteroides",2934,0,22,31,34,0,5,27,0,0,11,0,0,0,30,102,1,0,38,4,0,0,1,0,0,1,1,0,0,2,0,35,1,0,0,2,0,1,0,0,0,0,0,2,0,5,0,4,0,0,NA,NA,NA,NA,NA,NA,NA,NA,NA,NA,NA,NA,NA,NA
"700109582","700109582","Bacteroides",4127,213,434,173,354,240,264,166,1,131,51,204,0,201,78,0,3,92,40,109,1,15,50,0,135,4,2,19,0,0,0,5,54,162,1,1,0,3,3,2,0,0,13,17,0,22,6,9,0,0,NA,NA,NA,NA,NA,NA,NA,NA,NA,NA,NA,NA,NA,NA
"700114939","700114939","Bacteroides",5037,124,67,65,15,20,122,45,83,11,204,6,104,2,4,140,11,26,0,0,13,33,4,0,16,0,2,6,0,3,0,0,0,0,3,0,0,0,5,0,0,0,0,1,0,0,0,0,5,0,NA,NA,NA,NA,NA,NA,NA,NA,NA,NA,NA,NA,NA,NA
"700102318","700102318","Bacteroides",2655,182,298,52,134,82,59,160,0,3,105,11,315,0,10,20,4,27,110,8,0,13,10,0,22,0,2,5,0,0,0,0,5,0,0,0,0,0,5,1,0,1,3,0,0,0,0,3,0,0,NA,NA,NA,NA,NA,NA,NA,NA,NA,NA,NA,NA,NA,NA
"700096066","700096066","Bacteroides",6279,375,142,5,12,0,21,21,8,0,20,0,0,82,7,0,1,0,0,3,3,10,8,1,0,0,1,5,0,0,1,0,5,1,0,1,0,0,0,0,0,0,0,0,0,1,0,0,0,0,NA,NA,NA,NA,NA,NA,NA,NA,NA,NA,NA,NA,NA,NA
"700016961","700016961","Bacteroides",1760,515,69,18,78,6,10,17,37,0,27,6,582,62,20,164,22,14,0,12,4,348,11,2,49,0,1,3,11,6,0,53,8,2,4,9,5,0,0,3,0,0,0,0,0,1,0,0,0,5,NA,NA,NA,NA,NA,NA,NA,NA,NA,NA,NA,NA,NA,NA
"700105334","700105334","Bacteroides",8151,1037,882,497,89,344,1676,176,0,819,158,10,0,410,30,0,38,117,338,16,16,113,146,0,0,0,10,19,0,8,0,0,24,0,0,2,0,0,1,1,2,13,0,0,0,0,0,7,17,0,NA,NA,NA,NA,NA,NA,NA,NA,NA,NA,NA,NA,NA,NA
"700106914","700106914","Bacteroides",11710,0,482,2138,595,610,531,132,0,1045,86,0,0,57,769,0,20,171,210,343,23,21,0,8,0,0,188,64,0,37,0,0,28,0,0,1,0,0,1,60,4,0,5,24,1,2,9,0,11,0,NA,NA,NA,NA,NA,NA,NA,NA,NA,NA,NA,NA,NA,NA
"700015406","700015406","Bacteroides",8569,399,11,1628,807,47,374,66,370,0,159,39,0,0,388,75,7,1,0,109,0,5,2,0,2,0,1,18,8,18,0,0,1,0,0,6,0,11,0,1,1,8,0,22,59,7,0,0,0,2,NA,NA,NA,NA,NA,NA,NA,NA,NA,NA,NA,NA,NA,NA
"700015407","700015407","Bacteroides",10212,466,24,1952,1190,42,478,56,466,0,196,32,0,0,520,66,6,0,0,176,0,6,0,0,2,0,2,28,4,32,0,0,2,0,0,12,0,400,0,0,8,28,0,18,96,16,0,0,2,2,NA,NA,NA,NA,NA,NA,NA,NA,NA,NA,NA,NA,NA,NA
"700035747","700035747","Bacteroides",2171,163,174,80,34,38,95,50,59,0,14,2,0,0,59,0,0,322,0,19,0,0,0,0,0,1,8,69,0,0,0,35,3,0,0,2,0,10,1,0,25,6,8,25,0,3,0,6,0,0,NA,NA,NA,NA,NA,NA,NA,NA,NA,NA,NA,NA,NA,NA
"700035392","700035392","Bacteroides",2063,36,165,26,13,62,122,50,3,0,55,1,0,0,14,0,1,30,11,13,0,0,3,0,0,0,0,3,0,0,0,0,1,1,0,0,0,0,1,2,0,0,0,1,0,0,43,0,1,0,NA,NA,NA,NA,NA,NA,NA,NA,NA,NA,NA,NA,NA,NA
"700113541","700113541","Bacteroides",11214,1,0,107,53,39,41,31,0,300,48,1,0,0,22,0,17,3,134,17,0,0,0,0,0,0,1,1,0,2,0,0,2,0,0,0,0,0,0,0,0,0,0,2,0,3,0,4,0,0,NA,NA,NA,NA,NA,NA,NA,NA,NA,NA,NA,NA,NA,NA
"700033749","700033749","Bacteroides",21848,3932,3394,1270,1554,644,1176,466,138,606,508,74,0,314,112,0,1148,58,0,72,3494,1786,0,0,0,48,34,64,370,12,0,0,2,26,56,0,0,0,20,2,6,0,4,22,0,30,0,8,22,350,NA,NA,NA,NA,NA,NA,NA,NA,NA,NA,NA,NA,NA,NA
"700033202","700033202","Bacteroides",3264,319,457,175,245,33,256,140,13,140,75,0,0,153,18,0,4,206,0,21,23,10,117,0,0,2,3,6,0,4,0,0,5,0,0,1,0,0,4,0,0,0,0,0,0,6,0,0,1,0,NA,NA,NA,NA,NA,NA,NA,NA,NA,NA,NA,NA,NA,NA
"700024566","700024566","Bacteroides",15239,976,1837,1147,505,3409,372,304,0,1154,922,7,0,0,36,0,71,58,83,72,2,48,242,0,0,144,57,38,0,11,36,0,1,3,0,1,0,323,44,8,0,18,2,16,0,2,78,14,6,5,NA,NA,NA,NA,NA,NA,NA,NA,NA,NA,NA,NA,NA,NA
"700015398","700015398","Bacteroides",12216,1241,125,90,31,1,69,233,0,21,16,59,0,0,5,0,5,0,0,0,3,12,1,0,0,1,3,3,0,2,0,0,1,0,1,0,0,0,0,10,0,0,0,2,1,0,0,0,1,0,NA,NA,NA,NA,NA,NA,NA,NA,NA,NA,NA,NA,NA,NA
"700015399","700015399","Bacteroides",21953,2522,334,135,48,2,142,225,0,54,24,113,0,0,7,0,11,1,0,3,4,20,4,0,0,0,3,3,0,8,0,0,2,0,0,1,0,0,1,48,0,0,0,3,0,0,1,3,4,0,NA,NA,NA,NA,NA,NA,NA,NA,NA,NA,NA,NA,NA,NA
"700095793","700095793","Bacteroides",3693,70,322,125,192,24,69,95,10,54,85,70,0,40,26,30,27,27,0,25,3,6,46,0,2,5,1,6,0,0,0,2,1,0,0,0,0,0,4,0,0,0,0,1,0,3,3,0,0,0,NA,NA,NA,NA,NA,NA,NA,NA,NA,NA,NA,NA,NA,NA
"700106326","700106326","Bacteroides",1056,0,0,11,12,7,42,34,0,1,10,0,0,0,1,0,4,1,0,0,0,0,16,0,0,0,0,0,0,0,0,0,0,0,0,0,0,0,0,0,0,0,0,0,0,0,0,0,1,0,NA,NA,NA,NA,NA,NA,NA,NA,NA,NA,NA,NA,NA,NA
"700107011","700107011","Bacteroides",2141,28,228,20,30,18,40,33,22,2,18,4,0,2,14,2,0,2,2,22,1,0,2,0,54,0,0,5,0,0,3,0,15,4,1,2,0,0,0,22,0,0,1,2,0,7,11,0,0,0,NA,NA,NA,NA,NA,NA,NA,NA,NA,NA,NA,NA,NA,NA
"700109884","700109884","Bacteroides",11086,907,686,95,101,56,202,160,0,4,29,5,0,0,38,157,0,24,439,61,0,9,0,0,0,0,0,1,0,1,0,139,16,0,0,0,0,0,0,0,60,3,2,9,0,29,0,0,0,0,NA,NA,NA,NA,NA,NA,NA,NA,NA,NA,NA,NA,NA,NA
"700108915","700108915","Bacteroides",27452,0,1733,526,856,801,848,425,0,1,67,578,0,1565,108,543,1135,95,360,170,520,175,197,0,60,0,27,16,0,1,0,0,23,18,14,4,0,0,8,1,0,0,7,15,0,25,2,4,0,0,NA,NA,NA,NA,NA,NA,NA,NA,NA,NA,NA,NA,NA,NA
"700101534","700101534","Bacteroides",2906,81,276,58,98,75,22,87,4,0,39,4,0,0,34,0,2,2,0,7,0,1,0,0,0,0,2,5,1,1,0,0,1,0,0,1,0,0,2,0,0,0,2,4,0,15,1,5,0,0,NA,NA,NA,NA,NA,NA,NA,NA,NA,NA,NA,NA,NA,NA
"700108493","700108493","Bacteroides",12193,1258,1259,1537,1228,904,556,463,84,792,110,442,0,320,154,0,351,78,0,171,12,53,145,0,142,0,110,8,0,4,0,0,18,11,4,45,0,1,45,0,0,1,0,20,0,1,0,7,8,0,NA,NA,NA,NA,NA,NA,NA,NA,NA,NA,NA,NA,NA,NA
"700096962","700096962","Bacteroides",2427,16,6,241,76,347,114,23,0,0,1,0,0,0,194,58,0,1,22,40,0,1,0,0,0,0,0,1,0,0,0,11,3,0,0,0,0,0,0,84,1,5,1,8,0,0,82,0,0,0,NA,NA,NA,NA,NA,NA,NA,NA,NA,NA,NA,NA,NA,NA
"700102062","700102062","Bacteroides",2539,0,0,199,90,21,97,82,0,0,54,270,0,1,26,0,3,1,4,47,1,9,0,852,0,0,1,2,0,0,0,10,1,1,0,0,0,0,0,0,0,0,1,5,0,0,0,5,0,0,NA,NA,NA,NA,NA,NA,NA,NA,NA,NA,NA,NA,NA,NA
"700111244","700111244","Bacteroides",5317,261,89,3,44,15,9,20,0,9,7,24,0,20,7,0,0,2,43,4,0,1,0,0,0,1,0,4,0,0,4,0,0,0,0,0,0,0,1,0,0,0,0,2,0,3,0,5,0,0,NA,NA,NA,NA,NA,NA,NA,NA,NA,NA,NA,NA,NA,NA
"700109405","700109405","Bacteroides",6546,170,0,218,79,46,5,201,42,0,125,0,0,0,157,0,3,133,1,37,0,2,0,3,0,0,7,27,0,13,0,0,1,0,0,2,0,0,0,0,27,0,0,5,0,26,0,2,2,0,NA,NA,NA,NA,NA,NA,NA,NA,NA,NA,NA,NA,NA,NA
"700102924","700102924","Bacteroides",5257,948,0,485,57,181,140,98,0,3,217,40,0,0,22,345,11,5,72,5,0,8,0,0,0,0,5,8,0,5,0,0,4,0,1,0,0,0,1,0,0,0,7,2,0,0,0,0,5,0,NA,NA,NA,NA,NA,NA,NA,NA,NA,NA,NA,NA,NA,NA
"700100432","700100432","Bacteroides",2022,142,65,3,24,2,15,30,12,0,11,30,0,0,8,12,8,19,0,6,0,0,0,0,0,0,1,0,28,0,0,3,0,0,0,0,0,1,0,0,1,0,2,1,0,1,0,0,0,0,NA,NA,NA,NA,NA,NA,NA,NA,NA,NA,NA,NA,NA,NA
"700111461","700111461","Bacteroides",3759,224,318,441,290,125,299,155,48,170,45,57,0,110,58,0,128,11,0,194,33,21,139,0,0,11,7,9,0,0,0,0,1,3,9,2,0,0,0,0,0,0,0,5,0,2,0,5,0,1,NA,NA,NA,NA,NA,NA,NA,NA,NA,NA,NA,NA,NA,NA
"700114179","700114179","Bacteroides",7610,1132,221,696,412,258,0,113,0,0,4,7,0,0,317,1,11,276,38,95,0,28,0,5,0,0,9,15,0,184,0,0,2,77,5,1,0,3,0,0,27,55,4,24,1,30,0,1,20,0,NA,NA,NA,NA,NA,NA,NA,NA,NA,NA,NA,NA,NA,NA
"700034794","700034794","Bacteroides",1639,346,38,16,62,54,27,48,26,0,15,11,702,67,9,18,45,7,0,17,9,60,2,0,44,0,8,4,58,1,0,0,11,2,248,0,0,0,0,0,0,0,0,1,0,1,0,0,0,4,NA,NA,NA,NA,NA,NA,NA,NA,NA,NA,NA,NA,NA,NA
"700099400","700099400","Bacteroides",4527,403,0,181,116,0,35,13,0,0,0,0,0,0,21,107,0,0,77,176,0,1,0,0,0,0,0,1,0,6,0,0,1,0,0,0,0,0,0,38,1,1,0,0,0,4,2,0,0,0,NA,NA,NA,NA,NA,NA,NA,NA,NA,NA,NA,NA,NA,NA
"700108180","700108180","Bacteroides",5866,1033,54,48,36,196,152,87,65,0,25,198,0,0,24,141,3,20,0,14,1,17,0,0,0,0,0,5,0,1,0,20,26,35,1,4,0,6,0,9,0,1,3,2,0,4,9,0,0,0,NA,NA,NA,NA,NA,NA,NA,NA,NA,NA,NA,NA,NA,NA
"700096722","700096722","Bacteroides",3653,0,0,44,49,0,0,62,0,0,5,0,0,0,64,4,1,3,26,5,0,5,0,0,0,0,3,0,28,4,0,0,3,0,0,2,0,0,0,1,5,0,2,0,0,0,0,0,2,1,NA,NA,NA,NA,NA,NA,NA,NA,NA,NA,NA,NA,NA,NA
"700099237","700099237","Bacteroides",3750,46,73,57,26,7,56,42,0,1,22,41,0,85,6,9,0,3,5,28,24,7,10,0,0,0,1,5,0,0,2,9,4,45,0,0,0,0,0,0,1,0,2,1,0,4,0,0,0,0,NA,NA,NA,NA,NA,NA,NA,NA,NA,NA,NA,NA,NA,NA
"700109643","700109643","Bacteroides",5194,182,144,74,53,170,28,25,9,0,13,21,496,28,19,48,5,1,0,21,3,40,53,0,0,0,1,7,0,1,0,0,11,0,0,14,25,0,0,0,0,0,0,0,85,1,0,1,0,0,NA,NA,NA,NA,NA,NA,NA,NA,NA,NA,NA,NA,NA,NA
"700106350","700106350","Bacteroides",17027,4605,344,519,558,203,0,422,0,0,1,22,0,0,122,0,43,1033,328,140,16,101,0,2,0,0,20,18,0,693,0,0,9,453,10,0,0,8,1,3,4,24,13,9,0,27,0,3,19,0,NA,NA,NA,NA,NA,NA,NA,NA,NA,NA,NA,NA,NA,NA
"700021934","700021934","Bacteroides",3029,157,88,21,33,14,18,1605,0,0,9,1353,0,0,5,0,12,5,5,0,0,4,0,1,0,0,21,0,0,0,0,0,0,0,0,0,0,0,0,0,0,0,4,0,0,0,0,0,4,0,NA,NA,NA,NA,NA,NA,NA,NA,NA,NA,NA,NA,NA,NA
"700111178","700111178","Bacteroides",6813,180,567,76,74,112,182,128,364,3,142,0,0,316,32,3,2,22,2,24,5,26,68,2,50,268,4,41,0,5,120,0,21,0,0,15,0,12,2,0,1,0,11,3,0,6,0,6,15,0,NA,NA,NA,NA,NA,NA,NA,NA,NA,NA,NA,NA,NA,NA
"700032087","700032087","Bacteroides",1946,338,254,71,127,17,61,110,61,14,21,85,191,173,33,0,12,4,24,9,916,77,27,45,0,0,2,5,0,0,0,0,0,1,0,15,0,0,2,0,0,0,0,3,0,0,0,2,0,0,NA,NA,NA,NA,NA,NA,NA,NA,NA,NA,NA,NA,NA,NA
"700102375","700102375","Bacteroides",2184,163,33,385,61,330,79,16,0,9,12,3,0,64,25,94,3,25,36,66,16,15,0,0,0,0,0,5,0,0,38,6,5,0,8,0,0,1,0,1,0,0,0,1,0,1,6,1,0,0,NA,NA,NA,NA,NA,NA,NA,NA,NA,NA,NA,NA,NA,NA
"700038626","700038626","Bacteroides",16624,9303,3992,167,169,148,74,1085,0,313,2122,16,0,0,9,862,113,135,599,127,6,182,150,2088,1,0,2,60,0,7,0,54,1,104,23,3,0,11,4,0,0,511,0,3,2,0,0,0,2,0,NA,NA,NA,NA,NA,NA,NA,NA,NA,NA,NA,NA,NA,NA
"700032133","700032133","Bacteroides",2731,219,28,12,19,9,2,9,5,7,1,0,0,0,5,0,1,0,0,3,0,2,0,0,0,0,0,2,0,2,0,0,0,0,0,1,0,0,0,1,0,0,0,0,0,0,1,0,0,0,NA,NA,NA,NA,NA,NA,NA,NA,NA,NA,NA,NA,NA,NA
"700098754","700098754","Bacteroides",2378,66,32,84,18,21,106,5,0,0,16,0,0,0,25,103,0,179,2,45,0,1,0,0,0,0,0,2,0,1,0,1,4,0,0,0,5,0,0,0,0,2,0,3,1,12,3,0,0,0,NA,NA,NA,NA,NA,NA,NA,NA,NA,NA,NA,NA,NA,NA
"700097253","700097253","Bacteroides",2387,142,2,45,14,68,10,18,1,4,10,84,0,16,9,0,0,7,0,7,4,14,9,0,0,1,0,0,1,1,0,0,2,0,0,0,0,0,1,0,0,0,0,1,0,0,0,1,0,0,NA,NA,NA,NA,NA,NA,NA,NA,NA,NA,NA,NA,NA,NA
"700106542","700106542","Bacteroides",3258,1119,0,135,158,49,495,152,0,359,133,0,0,0,60,0,33,3,0,7,0,23,0,1,1,0,7,6,0,21,0,1,11,0,0,1,0,0,0,52,0,0,0,1,0,1,2,0,1,1,NA,NA,NA,NA,NA,NA,NA,NA,NA,NA,NA,NA,NA,NA
"700107949","700107949","Bacteroides",4237,585,156,80,88,64,223,40,0,0,9,0,0,0,101,0,1,4,47,34,0,1,0,1,0,0,16,10,0,5,0,1,6,0,0,1,0,1,0,0,0,0,1,6,0,32,0,6,2,0,NA,NA,NA,NA,NA,NA,NA,NA,NA,NA,NA,NA,NA,NA
"700016012","700016012","Bacteroides",121973,15187,3250,4472,2822,9542,10,672,16390,2249,1002,0,0,0,110,0,80,122,0,480,4,176,0,12,0,0,148,166,0,480,0,0,26,116,12,844,0,0,0,100,12,86,604,44,0,18,4,22,20,0,NA,NA,NA,NA,NA,NA,NA,NA,NA,NA,NA,NA,NA,NA
"700016013","700016013","Bacteroides",16023,1964,275,1885,245,966,1,61,2909,469,82,0,0,0,20,0,32,5,1,65,0,21,0,0,0,0,90,27,0,47,0,0,4,16,0,11,0,0,1,30,5,0,34,5,1,2,0,5,11,0,NA,NA,NA,NA,NA,NA,NA,NA,NA,NA,NA,NA,NA,NA
"700099021","700099021","Bacteroides",7302,116,0,582,133,540,277,108,0,683,55,11,0,0,67,0,34,32,44,92,0,3,0,1,0,29,12,42,0,4,180,0,35,0,0,2,0,2,0,0,0,3,1,12,0,6,0,7,8,0,NA,NA,NA,NA,NA,NA,NA,NA,NA,NA,NA,NA,NA,NA
"700102135","700102135","Bacteroides",2633,1516,317,31,19,53,0,21,39,0,5,1,0,19,7,254,0,2,0,3,0,3,9,0,30,0,0,0,0,1,0,6,0,0,0,1,0,0,1,0,0,0,1,3,0,1,1,0,0,0,NA,NA,NA,NA,NA,NA,NA,NA,NA,NA,NA,NA,NA,NA
"700037484","700037484","Bacteroides",11603,435,1093,395,206,744,262,191,0,420,526,1,0,0,56,0,33,63,936,22,2,55,637,0,0,23,7,31,0,2,43,1,1,7,0,3,0,52,12,11,1,0,2,0,0,1,0,1,4,0,NA,NA,NA,NA,NA,NA,NA,NA,NA,NA,NA,NA,NA,NA
"700096123","700096123","Bacteroides",2733,3,192,32,31,43,12,26,13,5,37,172,0,0,25,0,2,38,0,16,0,0,2,0,1,0,1,1,0,0,0,0,116,0,0,1,0,0,1,0,0,0,7,0,0,0,0,7,0,0,NA,NA,NA,NA,NA,NA,NA,NA,NA,NA,NA,NA,NA,NA
"700108117","700108117","Bacteroides",1741,217,73,46,48,24,46,42,0,29,15,5,0,75,48,0,1,99,49,5,1,5,49,0,0,0,11,11,0,3,0,0,0,8,0,0,0,5,0,0,47,2,1,0,0,5,0,1,5,0,NA,NA,NA,NA,NA,NA,NA,NA,NA,NA,NA,NA,NA,NA
"700037852","700037852","Bacteroides",2801,88,509,97,35,48,45,32,13,3,35,10,0,105,5,0,76,32,0,3,4,74,10,0,20,0,1,6,0,1,0,298,0,2,0,0,0,0,3,0,0,2,0,0,0,0,0,0,4,0,NA,NA,NA,NA,NA,NA,NA,NA,NA,NA,NA,NA,NA,NA
"700111833","700111833","Bacteroides",3256,68,2,56,22,0,35,72,0,2,20,0,0,12,0,35,3,37,0,1,1,20,9,0,11,0,8,0,0,3,0,10,19,0,0,0,0,0,0,201,1,0,12,0,0,0,1,0,1,0,NA,NA,NA,NA,NA,NA,NA,NA,NA,NA,NA,NA,NA,NA
"700099978","700099978","Bacteroides",3272,277,139,247,59,81,222,74,73,0,152,13,0,33,50,65,9,15,0,90,3,9,0,0,0,0,34,4,107,0,0,1,10,17,11,1,0,0,0,0,0,1,0,9,0,6,0,3,0,2,NA,NA,NA,NA,NA,NA,NA,NA,NA,NA,NA,NA,NA,NA
"700098621","700098621","Bacteroides",2306,0,0,123,31,46,88,27,0,107,58,4,0,0,15,0,5,26,49,112,0,0,0,0,0,0,0,10,0,0,0,0,2,0,0,0,0,0,0,0,1,0,0,4,1,4,1,0,0,0,NA,NA,NA,NA,NA,NA,NA,NA,NA,NA,NA,NA,NA,NA
"700101657","700101657","Bacteroides",5087,214,423,439,336,146,829,205,274,151,142,90,152,2,68,0,21,28,1,42,2,24,69,0,22,36,8,11,3,49,0,0,90,3,1,1,0,0,10,0,0,0,2,8,0,0,0,2,4,0,NA,NA,NA,NA,NA,NA,NA,NA,NA,NA,NA,NA,NA,NA
"700024930","700024930","Bacteroides",3780,1610,201,513,230,123,95,31,35,597,20,0,0,119,85,0,38,0,0,53,41,65,6,0,0,2,19,18,0,10,9,0,33,0,0,0,0,0,0,0,3,4,2,28,1,4,1,4,3,0,NA,NA,NA,NA,NA,NA,NA,NA,NA,NA,NA,NA,NA,NA
"700108977","700108977","Bacteroides",7058,0,0,31,8,49,0,31,0,0,25,0,0,0,18,34,23,11,139,1,0,122,0,0,0,159,2,0,27,1,0,0,6,0,1,1,0,0,0,9,0,0,3,2,0,0,0,1,0,8,NA,NA,NA,NA,NA,NA,NA,NA,NA,NA,NA,NA,NA,NA
"700034926","700034926","Bacteroides",2764,169,119,161,124,92,43,162,1,7,103,109,360,160,38,55,8,52,14,37,2,20,61,0,3,0,1,2,81,0,0,0,0,5,8,0,0,1,1,1,0,0,4,0,0,1,6,15,0,3,NA,NA,NA,NA,NA,NA,NA,NA,NA,NA,NA,NA,NA,NA
"700101243","700101243","Bacteroides",3913,74,479,85,167,52,271,589,0,0,199,1039,0,138,17,0,2,69,308,27,0,7,32,0,17,0,0,5,0,0,0,0,1,11,0,1,0,0,5,1,1,0,0,0,0,0,0,8,11,0,NA,NA,NA,NA,NA,NA,NA,NA,NA,NA,NA,NA,NA,NA
"700107208","700107208","Bacteroides",4904,244,113,39,16,41,61,31,0,0,52,0,0,0,25,0,1,10,164,1,0,2,7,0,0,0,0,8,0,0,0,0,0,0,0,0,0,0,0,0,0,1,1,0,0,0,0,0,0,0,NA,NA,NA,NA,NA,NA,NA,NA,NA,NA,NA,NA,NA,NA
"700101916","700101916","Bacteroides",1601,26,110,17,90,3,314,28,25,14,36,17,0,47,3,0,13,15,0,4,4,6,10,0,0,0,1,2,0,0,0,0,1,4,3,1,0,0,0,0,0,0,0,0,0,0,0,0,0,0,NA,NA,NA,NA,NA,NA,NA,NA,NA,NA,NA,NA,NA,NA
"700107892","700107892","Bacteroides",5029,91,224,70,158,38,17,96,65,0,75,11,0,0,6,0,8,91,0,38,0,2,0,0,0,50,6,20,0,0,0,6,13,0,0,3,0,0,1,0,0,0,5,11,0,4,3,5,1,0,NA,NA,NA,NA,NA,NA,NA,NA,NA,NA,NA,NA,NA,NA
"700107565","700107565","Bacteroides",6394,11,0,68,48,157,119,36,0,6,4,33,0,0,36,0,2,10,5,74,0,2,0,0,0,0,1,21,0,5,0,6,1,0,0,0,0,5,2,3,0,0,0,4,0,18,0,4,0,0,NA,NA,NA,NA,NA,NA,NA,NA,NA,NA,NA,NA,NA,NA
"700105904","700105904","Bacteroides",3683,125,426,396,214,195,505,138,177,4,132,23,0,99,117,165,34,52,0,6,1,20,31,0,22,2,3,8,0,2,39,48,2,3,0,27,0,1,2,0,0,23,0,14,0,4,0,0,0,0,NA,NA,NA,NA,NA,NA,NA,NA,NA,NA,NA,NA,NA,NA
"700095543","700095543","Bacteroides",1246,361,447,41,39,50,77,101,20,32,57,2,0,0,11,0,7,22,5,8,2,8,129,2,5,0,3,5,0,31,0,5,4,4,4,0,0,3,2,1,0,0,2,0,0,0,2,1,2,0,NA,NA,NA,NA,NA,NA,NA,NA,NA,NA,NA,NA,NA,NA
"700099464","700099464","Bacteroides",2112,18,34,127,158,94,45,7,0,0,4,3,82,0,12,254,0,16,24,28,0,7,0,0,0,0,0,16,0,1,0,7,3,0,0,0,0,0,0,1,0,0,0,44,0,0,3,1,1,0,NA,NA,NA,NA,NA,NA,NA,NA,NA,NA,NA,NA,NA,NA
"700109827","700109827","Bacteroides",13432,608,925,408,136,115,737,229,6,0,74,0,0,284,97,0,16,12,49,256,10,34,88,0,0,0,15,22,0,3,802,432,27,8,6,1,0,0,2,0,0,0,6,3,0,21,0,0,3,0,NA,NA,NA,NA,NA,NA,NA,NA,NA,NA,NA,NA,NA,NA
"700023226","700023226","Bacteroides",3608,0,206,10,6,14,12,18,0,0,12,21,156,0,4,16,0,4,52,2,0,7,18,0,0,0,0,1,0,14,0,0,0,0,0,0,0,0,1,0,0,0,0,0,0,0,0,0,1,0,NA,NA,NA,NA,NA,NA,NA,NA,NA,NA,NA,NA,NA,NA
"700023845","700023845","Bacteroides",7643,883,652,231,158,171,52,308,26,1174,350,198,0,0,34,0,110,303,0,37,0,21,0,1,0,0,9,14,107,6,0,0,19,6,4,0,0,3,2,2,0,12,2,14,0,4,0,1,9,19,NA,NA,NA,NA,NA,NA,NA,NA,NA,NA,NA,NA,NA,NA
"700016141","700016141","Bacteroides",16001,2683,0,649,288,249,50,286,0,0,870,325,0,0,251,265,44,2,23,29,0,17,0,0,0,0,9,8,0,28,0,0,11,0,1,0,0,0,1,0,0,3,6,24,0,0,0,13,13,0,NA,NA,NA,NA,NA,NA,NA,NA,NA,NA,NA,NA,NA,NA
"700016142","700016142","Bacteroides",27080,4714,0,1058,502,480,100,540,0,0,1666,518,0,0,480,584,90,10,50,36,2,32,0,0,0,0,12,20,0,22,0,2,12,0,2,0,0,0,0,4,0,18,4,48,0,0,2,12,18,0,NA,NA,NA,NA,NA,NA,NA,NA,NA,NA,NA,NA,NA,NA
"700108802","700108802","Bacteroides",14424,51,858,52,102,83,48,53,320,23,74,0,0,0,39,0,4,39,0,8,0,4,28,0,9,0,0,15,0,1,1,7,46,1,0,169,0,0,0,0,0,0,9,1,0,9,0,1,0,0,NA,NA,NA,NA,NA,NA,NA,NA,NA,NA,NA,NA,NA,NA
"700034857","700034857","Bacteroides",2078,109,89,10,26,11,20,27,0,0,31,0,0,118,0,13,0,0,64,0,0,11,11,0,0,0,0,0,0,17,0,1,0,0,0,0,0,61,0,0,0,0,2,0,0,2,0,1,0,0,NA,NA,NA,NA,NA,NA,NA,NA,NA,NA,NA,NA,NA,NA
"700038761","700038761","Bacteroides",5538,0,1483,1004,406,665,205,731,156,255,153,515,0,16,48,0,49,121,0,64,84,113,161,1,0,0,27,13,0,2,0,0,9,30,25,4,0,0,10,0,1,0,5,13,1,2,1,25,12,0,NA,NA,NA,NA,NA,NA,NA,NA,NA,NA,NA,NA,NA,NA
"700114017","700114017","Bacteroides",9953,351,1432,345,233,162,294,141,4,19,130,57,281,448,66,103,25,13,0,87,155,216,152,1,56,0,3,13,0,33,390,12,3,19,2,33,0,0,5,1,0,0,0,10,0,1,0,7,1,0,NA,NA,NA,NA,NA,NA,NA,NA,NA,NA,NA,NA,NA,NA
"700024711","700024711","Bacteroides",15997,644,697,256,165,28,370,212,265,9005,797,5,0,683,60,0,198,44,0,6,30,317,219,2,0,0,11,21,0,25,0,0,17,0,2,1,0,0,4,0,0,0,7,9,0,0,0,1,97,0,NA,NA,NA,NA,NA,NA,NA,NA,NA,NA,NA,NA,NA,NA
"700096887","700096887","Bacteroides",3685,126,99,15,9,4,23,20,0,67,2,0,0,0,25,0,1,4,9,1,0,1,44,10,0,0,1,0,0,3,6,0,0,0,0,0,0,0,0,0,0,0,0,1,0,0,0,0,2,0,NA,NA,NA,NA,NA,NA,NA,NA,NA,NA,NA,NA,NA,NA
"700097376","700097376","Bacteroides",2237,314,47,54,39,16,6,7,213,28,1,0,0,0,23,0,1,0,0,7,0,0,0,0,0,0,0,1,3,0,0,0,3,1,0,22,0,0,0,0,195,14,1,4,164,0,0,0,0,0,NA,NA,NA,NA,NA,NA,NA,NA,NA,NA,NA,NA,NA,NA
"700100559","700100559","Bacteroides",4370,108,185,356,288,168,232,95,0,0,91,122,0,0,48,36,93,12,42,63,2,1,134,2,0,13,2,6,0,10,0,0,10,0,1,0,3,11,4,0,1,0,1,9,0,1,0,0,0,0,NA,NA,NA,NA,NA,NA,NA,NA,NA,NA,NA,NA,NA,NA
"700035400","700035400","Bacteroides",3577,258,381,9,49,0,32,16,0,0,5,0,0,0,0,0,0,14,94,3,0,0,0,0,0,0,1,0,0,0,0,0,0,0,0,0,0,0,0,0,0,0,1,0,0,0,0,0,1,0,NA,NA,NA,NA,NA,NA,NA,NA,NA,NA,NA,NA,NA,NA
"700111524","700111524","Bacteroides",6851,306,0,53,16,19,28,3,0,85,16,0,0,0,18,0,1,7,0,4,1,2,0,1,0,0,0,6,0,0,0,1,7,0,0,0,0,0,0,0,0,0,0,4,0,3,1,0,0,0,NA,NA,NA,NA,NA,NA,NA,NA,NA,NA,NA,NA,NA,NA
"700106647","700106647","Bacteroides",5535,466,526,48,16,9,10,29,1,2,9,0,0,16,4,111,131,11,3,0,18,40,44,0,24,32,0,3,19,1,20,7,3,4,7,0,0,0,0,0,0,0,3,1,0,1,0,0,2,67,NA,NA,NA,NA,NA,NA,NA,NA,NA,NA,NA,NA,NA,NA
"700097503","700097503","Bacteroides",2031,153,197,146,299,48,76,243,3,14,58,38,0,69,8,0,32,113,0,45,3,4,11,0,2,0,11,4,0,0,0,0,1,0,109,0,0,0,5,0,0,0,0,2,0,4,0,6,0,0,NA,NA,NA,NA,NA,NA,NA,NA,NA,NA,NA,NA,NA,NA
"700112004","700112004","Bacteroides",4812,203,347,314,229,509,521,145,0,1,121,108,0,0,72,80,21,18,92,39,0,8,208,15,0,146,21,16,0,18,0,0,15,1,0,1,4,0,1,0,0,0,1,4,0,3,1,3,0,0,NA,NA,NA,NA,NA,NA,NA,NA,NA,NA,NA,NA,NA,NA
"700033503","700033503","Bacteroides",2789,39,54,66,61,82,57,29,0,6,22,341,0,239,20,61,7,12,2,13,7,32,0,0,0,0,0,2,0,1,1,6,3,0,0,0,0,0,0,0,0,0,1,36,0,8,1,2,0,0,NA,NA,NA,NA,NA,NA,NA,NA,NA,NA,NA,NA,NA,NA
"700100249","700100249","Bacteroides",5939,80,0,228,148,0,0,0,524,113,0,0,0,0,7,0,8,0,0,88,0,5,0,0,0,0,2,0,0,1,0,0,1,0,0,14,534,0,0,1,3,0,0,0,19,0,0,0,1,0,NA,NA,NA,NA,NA,NA,NA,NA,NA,NA,NA,NA,NA,NA
"700097589","700097589","Bacteroides",3329,201,1581,212,103,125,197,395,0,0,604,372,794,0,11,14,13,57,25,25,0,40,56,279,0,399,3,11,0,13,0,1,0,0,0,0,0,2,5,2,48,3,2,5,1,0,0,0,1,0,NA,NA,NA,NA,NA,NA,NA,NA,NA,NA,NA,NA,NA,NA
"700016921","700016921","Bacteroides",5313,375,489,186,101,96,315,42,108,100,93,1,131,6,85,0,24,32,1,41,3,34,88,0,61,0,3,13,19,57,0,0,24,0,0,3,0,1,1,0,1,3,2,3,0,2,0,2,3,15,NA,NA,NA,NA,NA,NA,NA,NA,NA,NA,NA,NA,NA,NA
"700110177","700110177","Bacteroides",3065,0,0,184,120,24,8,10,0,0,1,0,0,0,33,540,6,1,0,12,0,0,0,0,0,0,2,0,0,1,7,18,1,0,0,1,0,0,0,0,0,0,0,0,13,1,0,0,1,0,NA,NA,NA,NA,NA,NA,NA,NA,NA,NA,NA,NA,NA,NA
"700024173","700024173","Bacteroides",8593,0,2443,109,71,108,750,234,0,0,73,54,0,0,18,0,14,38,70,15,0,11,0,4,0,199,11,10,0,1,0,35,0,0,2,2,0,0,4,0,0,0,4,1,1,1,0,2,4,0,NA,NA,NA,NA,NA,NA,NA,NA,NA,NA,NA,NA,NA,NA
"700105238","700105238","Bacteroides",10430,665,225,912,340,325,174,86,0,0,55,1,0,0,19,0,16,19,39,76,0,14,1,0,0,0,6,1,0,4,79,0,102,0,1,0,0,0,1,10,0,2,5,6,0,2,27,2,0,0,NA,NA,NA,NA,NA,NA,NA,NA,NA,NA,NA,NA,NA,NA
"700035533","700035533","Bacteroides",2968,40,508,6,21,8,21,17,0,57,5,12,0,143,4,0,1,5,26,2,0,9,43,0,2,0,0,0,0,0,0,0,1,8,0,1,0,3,1,0,1,0,1,0,0,0,1,0,0,0,NA,NA,NA,NA,NA,NA,NA,NA,NA,NA,NA,NA,NA,NA
"700108304","700108304","Bacteroides",14406,464,366,448,307,314,464,544,33,32,515,60,0,32,88,174,7,177,0,82,5,4,64,0,2,8,0,20,0,0,0,1,9,0,0,1,0,0,2,11,0,0,2,8,0,31,8,20,0,0,NA,NA,NA,NA,NA,NA,NA,NA,NA,NA,NA,NA,NA,NA
"700098220","700098220","Bacteroides",1745,117,134,89,127,240,90,105,63,40,65,84,0,43,73,0,5,28,0,30,1,4,7,1,9,0,0,14,0,0,0,17,33,7,1,1,0,0,3,0,0,2,0,4,0,10,0,2,1,0,NA,NA,NA,NA,NA,NA,NA,NA,NA,NA,NA,NA,NA,NA
"700111596","700111596","Bacteroides",3803,50,55,249,115,76,796,257,47,2,9,146,177,0,6,120,5,13,0,114,0,17,1,0,0,0,6,2,0,1,0,0,0,0,1,7,0,0,0,0,0,0,0,0,0,3,0,0,0,0,NA,NA,NA,NA,NA,NA,NA,NA,NA,NA,NA,NA,NA,NA
"700015118","700015118","Bacteroides",12503,0,0,117,108,0,0,3,309,242,2,0,0,0,17,0,2,0,0,14,0,0,0,0,0,0,0,0,0,1,0,0,3,0,0,10,218,0,0,5,14,1,0,0,0,0,5,0,0,0,NA,NA,NA,NA,NA,NA,NA,NA,NA,NA,NA,NA,NA,NA
"700015117","700015117","Bacteroides",14204,0,0,440,346,20,1,14,1100,1052,0,0,0,0,47,0,60,0,0,115,0,0,0,0,0,0,7,0,0,5,0,0,4,0,0,23,673,0,0,15,42,1,0,0,0,1,11,0,7,5,NA,NA,NA,NA,NA,NA,NA,NA,NA,NA,NA,NA,NA,NA
"700015876","700015876","Bacteroides",2259,18,20,8,10,59,46,35,21,0,2,15,0,0,16,66,32,15,7,6,0,0,0,0,0,0,1,4,86,3,0,7,2,0,0,1,0,0,0,0,3,0,2,0,0,2,0,0,0,5,NA,NA,NA,NA,NA,NA,NA,NA,NA,NA,NA,NA,NA,NA
"700098888","700098888","Bacteroides",2186,131,234,100,110,89,38,86,131,0,85,29,0,46,26,0,1,18,0,17,0,7,0,0,0,1,1,3,0,2,0,0,0,2,1,2,0,0,1,0,0,0,2,1,0,1,0,0,0,0,NA,NA,NA,NA,NA,NA,NA,NA,NA,NA,NA,NA,NA,NA
"700033748","700033748","Bacteroides",13922,2198,1384,659,835,366,405,192,110,306,203,50,0,454,51,0,237,18,0,106,940,316,0,2,0,15,18,31,393,5,0,0,0,2,4,2,0,0,4,0,1,0,8,17,0,30,1,10,7,78,NA,NA,NA,NA,NA,NA,NA,NA,NA,NA,NA,NA,NA,NA
"700107059","700107059","Bacteroides",854,27,98,28,166,44,72,66,0,19,11,10,0,0,20,0,3,5,0,12,0,2,32,0,0,0,0,5,0,0,0,0,2,2,0,5,0,0,5,127,0,0,0,0,0,1,9,0,0,0,NA,NA,NA,NA,NA,NA,NA,NA,NA,NA,NA,NA,NA,NA
"700097928","700097928","Bacteroides",2465,95,160,37,117,88,74,64,105,12,58,83,0,36,16,0,3,47,5,19,148,97,38,0,0,0,2,6,0,0,0,0,6,0,2,2,0,0,0,0,0,3,1,4,0,3,0,0,0,0,NA,NA,NA,NA,NA,NA,NA,NA,NA,NA,NA,NA,NA,NA
"700109252","700109252","Bacteroides",3702,54,310,223,75,89,156,174,21,38,52,1,0,14,44,0,9,18,4,13,198,193,30,0,0,2,2,5,0,0,0,0,14,0,13,1,0,0,2,0,0,0,0,1,0,0,1,0,2,0,NA,NA,NA,NA,NA,NA,NA,NA,NA,NA,NA,NA,NA,NA
"700033665","700033665","Bacteroides",2437,378,297,209,270,44,138,111,2,5,80,51,0,220,63,190,16,71,0,95,6,27,30,0,28,7,3,5,6,0,0,126,17,1,3,14,0,38,2,0,0,0,4,3,0,14,0,0,0,0,NA,NA,NA,NA,NA,NA,NA,NA,NA,NA,NA,NA,NA,NA
"700110375","700110375","Bacteroides",7173,241,596,896,440,126,356,781,250,0,1188,111,0,5,163,0,39,8,0,22,8,16,0,0,0,28,26,52,0,4,0,0,3,11,3,15,0,0,3,0,0,0,3,9,0,1,0,0,26,0,NA,NA,NA,NA,NA,NA,NA,NA,NA,NA,NA,NA,NA,NA
"700114287","700114287","Bacteroides",5601,84,592,33,39,15,164,89,0,0,39,141,203,0,9,4,3,59,13,19,0,8,52,2,0,0,2,2,0,17,0,0,14,0,0,0,0,2,0,3,0,2,1,8,0,12,0,0,1,0,NA,NA,NA,NA,NA,NA,NA,NA,NA,NA,NA,NA,NA,NA
"700037284","700037284","Bacteroides",2925,0,336,91,257,58,498,176,6,55,122,61,0,6,37,0,11,62,0,40,0,9,59,0,16,4,5,10,29,0,0,0,3,0,0,1,0,0,2,0,0,2,1,5,0,6,0,6,0,0,NA,NA,NA,NA,NA,NA,NA,NA,NA,NA,NA,NA,NA,NA
"700109192","700109192","Bacteroides",6906,127,508,289,1287,138,238,684,4,0,285,356,0,0,85,0,82,50,20,74,1,20,0,1,136,16,42,9,27,0,0,0,14,9,2,2,0,5,27,1,0,0,2,4,0,6,4,29,3,1,NA,NA,NA,NA,NA,NA,NA,NA,NA,NA,NA,NA,NA,NA
"700098131","700098131","Bacteroides",3129,111,18,53,21,39,30,65,20,0,19,63,0,0,1,0,13,146,0,23,0,0,19,1,0,0,0,1,141,0,0,0,0,0,0,1,0,0,0,0,0,1,0,0,0,1,1,0,0,8,NA,NA,NA,NA,NA,NA,NA,NA,NA,NA,NA,NA,NA,NA
"700107397","700107397","Bacteroides",9517,395,1050,346,396,207,230,373,343,0,65,77,0,0,144,0,10,554,30,56,0,15,128,0,0,99,4,10,0,13,217,0,10,0,0,6,0,4,22,2,5,3,6,7,0,5,1,131,1,0,NA,NA,NA,NA,NA,NA,NA,NA,NA,NA,NA,NA,NA,NA
"700035657","700035657","Bacteroides",3189,198,36,43,18,9,192,21,67,0,33,0,0,0,1,0,0,9,359,25,0,1,3,304,0,0,4,6,0,0,0,0,0,0,0,1,0,0,0,0,32,0,4,0,0,0,0,0,0,0,NA,NA,NA,NA,NA,NA,NA,NA,NA,NA,NA,NA,NA,NA
"700106837","700106837","Bacteroides",3755,618,438,299,126,131,225,157,78,10,148,82,0,0,38,51,16,145,0,8,0,9,20,0,0,177,3,22,0,1,19,10,2,2,2,5,0,0,5,0,0,3,1,4,0,1,0,2,5,0,NA,NA,NA,NA,NA,NA,NA,NA,NA,NA,NA,NA,NA,NA
"700098691","700098691","Bacteroides",3498,50,0,89,50,39,0,39,157,0,51,0,0,0,41,0,2,11,6,30,0,1,0,37,0,3,0,21,0,10,0,0,10,0,0,2,0,0,0,0,4,0,0,2,2,6,0,0,0,0,NA,NA,NA,NA,NA,NA,NA,NA,NA,NA,NA,NA,NA,NA
"700037074","700037074","Bacteroides",1287,151,83,39,31,43,125,31,30,153,61,0,0,0,15,0,3,9,0,8,0,5,0,0,0,0,2,3,0,3,0,0,8,3,1,5,0,1,0,2,0,0,0,0,0,0,1,0,0,0,NA,NA,NA,NA,NA,NA,NA,NA,NA,NA,NA,NA,NA,NA
"700033797","700033797","Bacteroides",2516,61,168,304,461,64,84,95,0,17,78,7,0,0,39,0,2,19,2,80,0,0,37,0,0,0,1,12,0,0,0,0,3,1,0,0,0,0,7,0,22,2,6,1,0,0,0,1,0,0,NA,NA,NA,NA,NA,NA,NA,NA,NA,NA,NA,NA,NA,NA
"700097313","700097313","Bacteroides",4989,209,1028,334,376,99,325,499,0,523,203,66,0,0,74,0,302,52,73,24,22,51,67,1,293,35,20,13,0,133,0,0,0,7,11,26,0,1,71,5,0,2,2,2,0,0,3,3,1,0,NA,NA,NA,NA,NA,NA,NA,NA,NA,NA,NA,NA,NA,NA
"700108552","700108552","Bacteroides",2895,359,97,34,74,93,20,21,49,1,24,28,876,90,9,28,131,16,0,9,6,64,17,0,97,1,6,5,66,1,0,0,4,6,485,4,0,0,0,0,0,0,0,4,0,0,0,1,0,2,NA,NA,NA,NA,NA,NA,NA,NA,NA,NA,NA,NA,NA,NA
"700101095","700101095","Bacteroides",6302,495,428,42,29,31,152,73,8,63,20,21,0,552,5,0,6,13,0,21,20,18,114,0,0,5,0,1,0,0,0,0,2,0,0,0,0,1,0,1,0,0,2,0,0,0,0,0,0,0,NA,NA,NA,NA,NA,NA,NA,NA,NA,NA,NA,NA,NA,NA
"700114767","700114767","Bacteroides",8252,352,37,867,295,543,233,169,0,1088,33,0,0,0,92,0,50,37,137,40,5,20,53,1,39,0,45,120,0,29,113,0,1,1,1,1,0,0,0,2,3,11,2,2,0,2,1,4,0,0,NA,NA,NA,NA,NA,NA,NA,NA,NA,NA,NA,NA,NA,NA
"700015981","700015981","Bacteroides",23446,2268,2128,1715,1858,760,474,1555,0,832,345,370,0,0,102,0,1288,158,46,78,206,244,88,6,212,284,78,24,0,12,0,2,64,154,144,4,0,0,334,0,10,0,18,6,0,4,6,36,40,0,NA,NA,NA,NA,NA,NA,NA,NA,NA,NA,NA,NA,NA,NA
"700015980","700015980","Bacteroides",12127,981,534,555,770,273,141,419,0,164,77,156,0,2,34,0,128,54,27,45,80,38,38,1,85,10,10,7,0,0,0,0,25,58,21,0,0,1,22,1,2,0,2,2,0,2,0,22,4,0,NA,NA,NA,NA,NA,NA,NA,NA,NA,NA,NA,NA,NA,NA
"700109525","700109525","Bacteroides",7925,524,258,91,46,148,76,18,58,373,33,1,0,0,13,0,3,5,0,35,0,5,27,0,0,0,0,5,0,2,0,0,0,0,0,1,0,1,0,15,1,15,0,5,2,1,8,0,0,0,NA,NA,NA,NA,NA,NA,NA,NA,NA,NA,NA,NA,NA,NA
"700111045","700111045","Bacteroides",5289,400,225,146,74,193,104,35,0,0,39,0,0,0,34,0,0,1,218,4,0,1,47,1,0,0,0,4,0,1,0,0,11,0,0,1,0,0,0,0,0,0,0,0,0,1,0,0,1,0,NA,NA,NA,NA,NA,NA,NA,NA,NA,NA,NA,NA,NA,NA
"700033382","700033382","Bacteroides",2103,25,193,102,53,87,91,28,2,2,7,4,0,0,15,10,1,4,2,43,0,3,7,1,78,0,1,4,0,0,1,0,11,12,2,0,0,1,0,1,0,0,0,1,0,4,3,4,0,0,NA,NA,NA,NA,NA,NA,NA,NA,NA,NA,NA,NA,NA,NA
"700024809","700024809","Bacteroides",4720,227,0,56,105,47,853,223,44,0,171,246,0,0,22,65,10,6,9,53,2,17,0,0,394,308,3,0,0,95,0,16,1,0,0,2,0,14,1,0,1,4,0,3,0,1,0,15,1,0,NA,NA,NA,NA,NA,NA,NA,NA,NA,NA,NA,NA,NA,NA
"700096285","700096285","Bacteroides",5364,2,779,101,46,78,122,31,41,30,19,0,0,0,8,0,3,7,0,7,1,0,0,0,2,0,2,8,0,0,0,0,86,0,0,2,0,0,2,1,0,2,2,0,0,2,5,1,0,0,NA,NA,NA,NA,NA,NA,NA,NA,NA,NA,NA,NA,NA,NA
"700099765","700099765","Bacteroides",15648,242,825,457,225,60,2,91,986,195,71,0,0,0,8,0,50,23,0,32,1,12,0,0,0,0,31,38,0,69,0,0,5,16,8,9,0,0,1,5,0,4,6,5,0,1,0,2,3,0,NA,NA,NA,NA,NA,NA,NA,NA,NA,NA,NA,NA,NA,NA
"700035594","700035594","Bacteroides",1670,0,0,6,48,8,443,274,0,2,0,14,0,0,20,0,0,2,1,1,0,0,0,0,0,0,0,24,0,3,0,4,0,0,0,0,0,5,0,0,0,0,0,0,0,0,0,0,0,0,NA,NA,NA,NA,NA,NA,NA,NA,NA,NA,NA,NA,NA,NA
"700110309","700110309","Bacteroides",12331,1252,1679,413,883,238,174,327,43,0,524,248,0,69,166,324,164,85,0,137,9,30,0,0,0,4,232,43,728,2,0,13,59,53,215,4,0,0,6,0,3,1,7,62,0,32,0,17,8,59,NA,NA,NA,NA,NA,NA,NA,NA,NA,NA,NA,NA,NA,NA
"700106978","700106978","Bacteroides",6228,636,401,131,87,68,178,49,0,115,56,11,0,0,2,0,43,110,17,6,1,37,48,1,29,45,6,1,0,2,0,0,6,1,1,0,0,0,6,3,0,0,6,2,0,0,1,0,0,0,NA,NA,NA,NA,NA,NA,NA,NA,NA,NA,NA,NA,NA,NA
"700099531","700099531","Bacteroides",3628,0,0,74,57,70,47,28,0,0,4,34,0,0,35,83,2,25,177,5,0,0,0,1,0,0,3,0,0,6,32,1,0,0,0,0,0,0,0,0,0,0,0,1,1,0,0,0,0,0,NA,NA,NA,NA,NA,NA,NA,NA,NA,NA,NA,NA,NA,NA
"700108618","700108618","Bacteroides",2140,7,121,125,325,68,55,69,18,57,27,5,0,66,14,1,96,46,0,32,49,34,26,0,17,10,19,3,186,0,0,0,7,0,3,2,0,1,4,0,0,0,3,0,0,48,2,0,0,7,NA,NA,NA,NA,NA,NA,NA,NA,NA,NA,NA,NA,NA,NA
"700103653","700103653","Bacteroides",7909,1372,412,441,119,443,405,184,1941,3138,147,2,0,0,34,0,115,59,0,56,1,33,0,1,0,0,13,12,0,5,0,0,20,35,4,11,0,4,7,1,2,9,0,10,0,17,0,9,12,0,NA,NA,NA,NA,NA,NA,NA,NA,NA,NA,NA,NA,NA,NA
"700032944","700032944","Bacteroides",2202,576,13,51,16,27,12,29,37,0,20,3,0,0,6,136,2,2,0,1,1,3,0,0,0,0,0,2,0,0,0,30,6,0,0,6,0,2,0,1,0,0,0,5,0,0,2,0,0,0,NA,NA,NA,NA,NA,NA,NA,NA,NA,NA,NA,NA,NA,NA
"700113616","700113616","Bacteroides",8328,765,831,308,372,276,909,151,66,0,49,40,0,0,57,0,13,174,0,148,5,39,14,0,0,45,4,1,0,3,0,0,2,6,1,2,0,0,0,0,0,0,2,3,0,1,0,2,2,0,NA,NA,NA,NA,NA,NA,NA,NA,NA,NA,NA,NA,NA,NA
"700100184","700100184","Bacteroides",4819,108,0,132,168,30,7,1,0,51,3,0,0,0,10,0,1,2,1,19,0,0,0,0,0,0,1,9,0,1,0,0,4,0,0,0,0,0,0,1,3,0,1,0,257,3,5,0,0,0,NA,NA,NA,NA,NA,NA,NA,NA,NA,NA,NA,NA,NA,NA
"700109770","700109770","Bacteroides",5692,1032,90,14,7,4,3,5,29,8,5,0,0,0,10,0,0,0,0,0,0,10,0,0,0,8,0,5,0,0,3,0,0,0,0,2,0,0,0,1,2,0,0,0,0,0,0,0,0,0,NA,NA,NA,NA,NA,NA,NA,NA,NA,NA,NA,NA,NA,NA
"700101793","700101793","Bacteroides",3702,0,0,131,118,1,32,10,0,0,31,0,0,0,28,0,3,1,1,2,0,0,0,0,0,0,4,3,0,6,11,9,4,0,0,0,0,0,0,23,348,0,4,0,0,2,3,2,0,0,NA,NA,NA,NA,NA,NA,NA,NA,NA,NA,NA,NA,NA,NA
"700106465","700106465","Bacteroides",14104,1777,3683,683,145,186,0,109,0,0,348,0,0,0,417,315,26,11,141,10,2,24,0,1,0,0,18,0,0,7,0,2,2,0,2,3,0,0,6,3,1,0,3,1,0,1,8,4,12,0,NA,NA,NA,NA,NA,NA,NA,NA,NA,NA,NA,NA,NA,NA
"700103499","700103499","Bacteroides",2055,114,399,151,60,3,352,93,0,0,54,0,0,0,46,7,10,152,30,1,0,1,35,0,1,0,3,33,0,1,0,1,7,0,0,0,0,0,0,1,0,15,3,0,0,0,0,4,7,1,NA,NA,NA,NA,NA,NA,NA,NA,NA,NA,NA,NA,NA,NA
"700099609","700099609","Bacteroides",9666,0,0,473,270,255,300,61,0,0,235,72,0,0,124,0,32,3,1269,23,0,3,0,0,0,0,22,8,0,5,0,0,8,0,5,8,0,0,8,21,0,0,4,14,0,6,6,11,7,0,NA,NA,NA,NA,NA,NA,NA,NA,NA,NA,NA,NA,NA,NA
"700098954","700098954","Bacteroides",4636,24,150,53,37,126,19,10,0,0,29,17,319,147,5,0,7,5,0,9,48,227,6,0,15,0,0,7,0,1,9,0,0,1,14,0,0,1,0,1,0,0,0,0,0,4,1,0,0,0,NA,NA,NA,NA,NA,NA,NA,NA,NA,NA,NA,NA,NA,NA
"700038578","700038578","Bacteroides",8863,556,495,318,430,225,966,241,152,0,113,4,0,0,93,0,5,46,0,170,0,4,153,0,0,0,30,2,0,38,0,0,38,8,0,11,0,0,0,0,43,0,6,7,0,19,0,22,1,0,NA,NA,NA,NA,NA,NA,NA,NA,NA,NA,NA,NA,NA,NA
"700097196","700097196","Bacteroides",2005,81,303,59,74,34,157,146,121,400,167,98,0,187,12,0,9,30,0,17,28,8,70,0,0,0,11,0,0,0,0,0,0,4,7,3,0,0,1,0,0,0,0,0,0,0,0,1,0,0,NA,NA,NA,NA,NA,NA,NA,NA,NA,NA,NA,NA,NA,NA
"700111767","700111767","Bacteroides",4122,159,158,98,44,22,24,15,0,0,10,18,0,190,13,0,2,7,67,48,55,21,0,1,0,0,0,15,0,0,0,0,21,3,0,0,0,0,0,2,5,0,0,2,0,0,0,2,0,0,NA,NA,NA,NA,NA,NA,NA,NA,NA,NA,NA,NA,NA,NA
"700037026","700037026","Bacteroides",3817,439,1906,126,288,31,48,936,0,2,132,127,0,24,48,8,96,89,168,31,15,28,6,14,36,10,9,19,0,2,0,2,2,16,9,0,0,5,11,0,1,19,7,3,0,5,0,14,4,1,NA,NA,NA,NA,NA,NA,NA,NA,NA,NA,NA,NA,NA,NA
"700110606","700110606","Bacteroides",5055,252,118,43,23,4,73,46,0,0,71,8,0,0,67,140,3,469,1,17,0,2,0,0,0,17,0,0,0,0,0,9,1,0,0,0,1,0,0,13,0,3,0,0,0,0,1,0,0,0,NA,NA,NA,NA,NA,NA,NA,NA,NA,NA,NA,NA,NA,NA
"700099307","700099307","Bacteroides",6054,52,30,115,174,0,1,8,38,39,9,0,0,0,21,2,3,1,0,4,0,1,3,0,19,0,0,1,2,0,0,0,0,2,0,2,0,0,0,0,1,0,0,0,127,0,0,0,0,0,NA,NA,NA,NA,NA,NA,NA,NA,NA,NA,NA,NA,NA,NA
"700110720","700110720","Bacteroides",3953,16,228,609,87,107,499,106,64,47,53,14,0,36,108,0,10,40,0,131,1,12,6,1,8,0,5,11,0,0,0,6,11,3,0,0,0,0,1,0,2,2,2,4,0,9,0,0,4,0,NA,NA,NA,NA,NA,NA,NA,NA,NA,NA,NA,NA,NA,NA
"700096656","700096656","Bacteroides",3716,48,0,150,41,181,57,269,37,0,68,0,0,0,61,0,1,7,0,19,0,0,12,0,0,0,0,17,0,1,0,0,5,0,0,2,0,0,0,2,0,9,0,2,0,2,0,0,109,0,NA,NA,NA,NA,NA,NA,NA,NA,NA,NA,NA,NA,NA,NA
"700037738","700037738","Bacteroides",3588,102,336,275,45,87,29,39,0,101,49,5,0,0,18,0,13,42,0,36,22,20,0,0,65,0,1,9,0,1,0,198,18,2,0,8,0,0,0,0,0,1,0,0,0,6,0,0,1,0,NA,NA,NA,NA,NA,NA,NA,NA,NA,NA,NA,NA,NA,NA
"700095736","700095736","Bacteroides",1702,55,135,47,182,129,93,160,64,23,47,41,0,21,16,0,45,16,3,18,4,7,30,0,0,5,64,2,6,0,0,0,4,8,1,3,0,0,0,0,0,1,3,1,0,0,0,16,0,2,NA,NA,NA,NA,NA,NA,NA,NA,NA,NA,NA,NA,NA,NA
"700101859","700101859","Bacteroides",2158,0,49,121,103,43,4,13,0,0,7,0,0,0,15,256,1,0,53,31,0,1,2,0,0,5,1,0,0,3,0,71,3,0,0,1,0,0,0,0,0,0,1,4,16,4,1,0,0,0,NA,NA,NA,NA,NA,NA,NA,NA,NA,NA,NA,NA,NA,NA
"700034188","700034188","Bacteroides",2268,48,197,88,57,144,79,19,35,0,12,0,104,26,35,46,5,2,0,30,7,11,45,0,0,0,0,17,0,1,0,0,1,0,0,12,9,0,0,0,0,1,0,1,89,2,0,1,2,0,NA,NA,NA,NA,NA,NA,NA,NA,NA,NA,NA,NA,NA,NA
"700016214","700016214","Bacteroides",6694,90,109,27,58,27,29,162,18,0,207,7,0,29,22,0,1,80,0,5,0,2,0,0,95,0,1,6,0,0,0,0,0,0,0,0,0,32,2,0,0,0,0,0,0,3,0,0,0,0,NA,NA,NA,NA,NA,NA,NA,NA,NA,NA,NA,NA,NA,NA
"700105001","700105001","Bacteroides",7011,0,0,65,24,12,73,24,0,0,9,1,0,0,6,0,1,6,9,0,0,0,0,2,0,0,1,6,0,2,0,0,0,0,0,0,0,0,0,4,0,0,1,0,0,0,0,0,0,0,NA,NA,NA,NA,NA,NA,NA,NA,NA,NA,NA,NA,NA,NA
"700096437","700096437","Bacteroides",3147,111,89,35,35,56,375,78,18,1,41,5,0,17,8,19,0,19,0,11,0,2,11,2,8,0,0,8,0,0,0,0,10,0,0,0,0,0,0,0,0,0,0,7,0,7,0,4,0,0,NA,NA,NA,NA,NA,NA,NA,NA,NA,NA,NA,NA,NA,NA
"700016021","700016021","Bacteroides",24511,2164,1740,1246,1038,278,1023,4137,2,230,1092,7416,0,0,262,0,317,120,16,132,2,82,428,2,210,0,52,54,0,2,0,0,124,22,26,4,0,2,42,8,2,18,12,10,0,8,0,22,12,0,NA,NA,NA,NA,NA,NA,NA,NA,NA,NA,NA,NA,NA,NA
"700016020","700016020","Bacteroides",10949,689,571,512,361,130,307,1286,3,66,442,2926,0,0,123,0,53,37,7,31,1,15,144,1,58,0,19,29,1,1,0,0,20,7,8,0,0,0,7,3,0,2,1,10,0,7,0,2,0,0,NA,NA,NA,NA,NA,NA,NA,NA,NA,NA,NA,NA,NA,NA
"700033941","700033941","Bacteroides",2439,121,91,28,21,23,66,11,0,0,29,2,0,0,5,15,2,9,21,8,0,3,38,0,0,0,0,0,0,3,0,0,1,0,0,0,2,1,1,0,0,1,0,0,0,1,0,1,0,0,NA,NA,NA,NA,NA,NA,NA,NA,NA,NA,NA,NA,NA,NA
"700099908","700099908","Bacteroides",3763,353,642,37,76,1,35,30,0,6,24,0,0,0,17,0,7,31,25,4,0,4,15,0,17,0,1,5,9,0,0,2,3,7,2,0,0,0,0,0,2,0,1,5,0,5,0,0,0,9,NA,NA,NA,NA,NA,NA,NA,NA,NA,NA,NA,NA,NA,NA
"700110438","700110438","Bacteroides",15828,991,634,281,729,106,501,336,0,0,127,18,1508,0,30,173,68,19,18,144,0,146,27,1,70,0,95,7,0,0,0,5,4,0,1,2,0,0,15,11,0,0,8,22,0,0,7,3,0,0,NA,NA,NA,NA,NA,NA,NA,NA,NA,NA,NA,NA,NA,NA
"700034100","700034100","Prevotella",600,9,12,33,38,25,14,14,5,0,14,1,0,10,11,173,1,2,0,3,0,10,1,386,1,0,0,3,0,3,NA,6,1,0,0,4,NA,NA,0,NA,NA,0,NA,2,NA,NA,NA,NA,0,0,0,0,0,7,1,1,0,0,0,0,NA,NA,NA,NA
"700109468","700109468","Prevotella",582,157,63,4,325,10,30,60,1,2,17,76,149,24,4,0,44,15,1,9,10,19,7,527,10,0,31,0,5,0,NA,0,0,0,0,0,NA,NA,2,NA,NA,0,NA,1,NA,NA,NA,NA,0,2,271,0,0,0,0,0,0,3,0,0,NA,NA,NA,NA
"700099822","700099822","Prevotella",659,188,106,147,184,119,134,53,418,97,26,28,0,0,63,0,31,7,0,39,1,7,41,1146,46,0,16,13,4,0,NA,5,18,4,1,11,NA,NA,1,NA,NA,1,NA,1,NA,NA,NA,NA,0,0,2,0,0,0,0,0,0,2,0,8,NA,NA,NA,NA
"700015250","700015250","Prevotella",4718,926,1938,2308,1718,1498,1867,726,632,776,443,251,0,2,396,0,850,94,0,792,10,494,422,18226,266,2,202,188,74,6,NA,62,60,32,98,26,NA,NA,122,NA,NA,16,NA,26,NA,NA,NA,NA,14,122,90,496,0,0,4,2,144,4,0,18,NA,NA,NA,NA
"700106723","700106723","Prevotella",3447,189,798,193,172,15,74,59,291,45,104,8,1,15,14,0,18,22,0,28,32,172,47,1327,5,22,1,6,0,1,NA,0,2,1,12,27,NA,NA,0,NA,NA,0,NA,1,NA,NA,NA,NA,3,0,20,0,0,0,0,0,3,1,26,0,NA,NA,NA,NA
"700102261","700102261","Prevotella",1427,195,16,253,54,33,36,100,0,0,109,1,137,14,58,33,11,3,488,71,298,102,5,2535,26,0,11,10,0,5,NA,60,2,0,3,1,NA,NA,0,NA,NA,1,NA,2,NA,NA,NA,NA,7,1,156,0,0,2,0,3,20,0,0,2,NA,NA,NA,NA
"700016765","700016765","Prevotella",530,140,0,104,222,7,147,95,0,0,101,63,130,5,13,0,45,5,97,47,192,44,0,880,0,6,14,3,0,2,NA,0,10,0,1,0,NA,NA,2,NA,NA,9,NA,1,NA,NA,NA,NA,5,0,98,0,133,0,1,0,0,4,0,1,NA,NA,NA,NA
"700016564","700016564","Prevotella",3814,495,236,62,80,18,70,97,0,2,186,0,254,343,5,0,124,1,11,20,12,215,30,3002,4,0,4,0,0,0,NA,1371,3,7,10,0,NA,NA,7,NA,NA,1,NA,0,NA,NA,NA,NA,1,4,57,0,0,0,2,50,0,0,0,1,NA,NA,NA,NA
"700106259","700106259","Prevotella",6039,1485,1047,1184,596,258,962,270,104,566,750,5,0,394,45,0,112,75,0,64,76,434,185,4864,842,0,11,20,0,6,NA,73,8,124,15,795,NA,NA,11,NA,NA,16,NA,12,NA,NA,NA,NA,16,0,18,49,0,0,0,3,1,11,0,3,NA,NA,NA,NA
"700103328","700103328","Prevotella",1125,126,396,164,313,84,356,666,0,0,192,4,33,252,26,8,55,296,0,53,5,98,34,994,1,0,15,7,0,5,NA,0,2,35,10,33,NA,NA,14,NA,NA,14,NA,3,NA,NA,NA,NA,4,0,19,0,0,0,0,0,0,8,0,1,NA,NA,NA,NA
"700016609","700016609","Prevotella",4310,638,106,461,467,247,135,494,2,0,214,267,376,60,46,16,217,30,701,241,577,350,27,9006,124,0,124,52,0,19,NA,36,2,9,11,7,NA,NA,6,NA,NA,0,NA,34,NA,NA,NA,NA,2,0,477,7,0,19,8,11,16,12,0,8,NA,NA,NA,NA
"700015249","700015249","Prevotella",1553,305,537,613,594,516,457,162,173,165,105,99,0,0,115,0,206,32,0,282,1,66,123,6559,88,0,86,47,29,0,NA,6,21,7,11,9,NA,NA,18,NA,NA,2,NA,13,NA,NA,NA,NA,4,18,23,78,0,0,0,3,44,2,0,8,NA,NA,NA,NA
"700024470","700024470","Prevotella",10148,503,2479,379,360,74,222,413,0,672,1986,19,0,5701,68,0,112,331,7975,10,79,828,0,3128,0,0,13,8,0,9,NA,0,15,125,13,26,NA,NA,9,NA,NA,83,NA,1,NA,NA,NA,NA,7,3,38,0,0,0,0,1,1,1,125,3,NA,NA,NA,NA
"700097773","700097773","Prevotella",845,107,152,159,473,233,211,224,0,15,11,59,24,33,57,0,15,144,73,26,99,25,32,576,22,0,10,25,0,0,NA,0,61,3,1,0,NA,NA,16,NA,NA,1,NA,11,NA,NA,NA,NA,0,0,453,0,0,0,1,0,22,2,1,13,NA,NA,NA,NA
"700106930","700106930","Prevotella",1773,263,1011,153,126,113,284,341,0,0,189,6,25,237,38,85,34,55,9,55,5,99,102,1594,0,0,2,14,0,4,NA,10,2,2,4,1,NA,NA,3,NA,NA,2,NA,3,NA,NA,NA,NA,0,0,21,0,0,10,0,1,0,1,0,3,NA,NA,NA,NA
"700102678","700102678","Prevotella",1302,67,1,72,13,44,26,3,0,0,1,0,0,10,2,401,3,14,209,5,424,31,0,2921,0,0,0,4,0,1,NA,15,0,0,0,0,NA,NA,0,NA,NA,0,NA,0,NA,NA,NA,NA,0,0,10,0,0,0,0,0,0,0,0,0,NA,NA,NA,NA
"700015703","700015703","Prevotella",4920,1753,2808,396,482,85,210,648,549,4,1546,6,0,10,44,75,738,56,657,110,79,180,119,2987,422,111,350,32,0,135,NA,6,3,996,97,20,NA,NA,34,NA,NA,3,NA,8,NA,NA,NA,NA,26,4,7,0,0,34,0,3,0,10,1,16,NA,NA,NA,NA
"700015704","700015704","Prevotella",10232,3464,6169,844,1006,147,517,1096,1457,27,3783,12,0,65,113,153,1165,153,2058,348,125,173,411,6411,1083,164,727,37,3,299,NA,6,7,1362,122,24,NA,NA,98,NA,NA,17,NA,29,NA,NA,NA,NA,48,15,13,0,0,87,0,1,0,14,0,57,NA,NA,NA,NA
"700101309","700101309","Prevotella",1659,357,140,93,347,92,78,139,64,65,53,233,330,64,19,0,32,12,26,10,536,51,37,214,0,0,10,7,0,0,NA,0,9,0,0,22,NA,NA,0,NA,NA,0,NA,1,NA,NA,NA,NA,1,1,6,0,0,0,0,0,0,0,0,0,NA,NA,NA,NA
"700033989","700033989","Prevotella",357,15,33,152,112,15,194,41,75,0,30,1,70,298,21,88,167,3,0,76,2,54,1,1627,6,0,11,1,0,0,NA,9,1,1,0,5,NA,NA,1,NA,NA,0,NA,5,NA,NA,NA,NA,0,1,55,0,0,0,0,0,0,4,0,0,NA,NA,NA,NA
"700014955","700014955","Prevotella",3998,1039,1284,564,456,606,584,1066,0,4,497,35,343,1107,54,46,73,44,838,406,77,840,462,5364,217,0,22,9,0,76,NA,460,0,188,1737,7,NA,NA,9,NA,NA,28,NA,9,NA,NA,NA,NA,10,0,582,1,1,161,63,58,1,19,21,1,NA,NA,NA,NA
"700014956","700014956","Prevotella",7609,1938,2641,1426,1084,891,1595,2468,0,15,1224,58,676,2156,84,138,338,82,1332,691,336,3063,986,10105,428,0,24,30,0,188,NA,1014,0,235,3176,24,NA,NA,10,NA,NA,166,NA,24,NA,NA,NA,NA,96,6,1097,2,4,366,160,142,2,32,52,20,NA,NA,NA,NA
"700037389","700037389","Prevotella",225,456,304,36,53,40,151,38,0,1,160,7,0,29,9,195,82,39,0,5,11,93,68,2292,0,0,1,5,2,0,NA,13,2,6,15,134,NA,NA,2,NA,NA,0,NA,0,NA,NA,NA,NA,0,384,9,1,0,0,0,0,0,0,0,0,NA,NA,NA,NA
"700038414","700038414","Prevotella",374,158,379,123,520,49,427,915,62,10,487,7,0,11,13,200,139,58,0,76,192,119,4,822,53,0,96,6,14,20,NA,70,5,11,330,41,NA,NA,16,NA,NA,2,NA,12,NA,NA,NA,NA,3,0,220,0,0,0,18,2,0,6,0,1,NA,NA,NA,NA
"700106695","700106695","Prevotella",900,159,201,149,122,12,123,126,215,0,35,18,23,4,3,81,58,45,0,31,2,122,15,4344,8,0,16,7,0,0,NA,2,0,3,8,14,NA,NA,3,NA,NA,2,NA,0,NA,NA,NA,NA,1,1,71,0,0,0,0,1,0,0,0,0,NA,NA,NA,NA
"700103575","700103575","Prevotella",886,109,47,158,79,23,23,31,0,0,28,0,146,0,7,149,18,2,121,2,7,195,12,3333,0,0,5,6,0,6,NA,0,0,3,2,2,NA,NA,2,NA,NA,2,NA,0,NA,NA,NA,NA,0,0,121,0,0,9,0,0,0,0,0,0,NA,NA,NA,NA
"700102607","700102607","Prevotella",11958,2537,2398,721,1497,46,1063,990,0,6,1297,10,558,1492,156,0,2530,85,135,244,98,450,755,3532,170,10,452,73,0,0,NA,136,75,77,129,4,NA,NA,178,NA,NA,10,NA,8,NA,NA,NA,NA,20,0,57,265,0,0,5,4,0,7,0,1,NA,NA,NA,NA
"700110663","700110663","Prevotella",10605,0,28,1036,949,188,539,866,0,0,525,620,0,505,49,0,87,57,196,454,75,148,3,3120,0,57,57,4,0,0,NA,34,1,1,6,5,NA,NA,13,NA,NA,0,NA,19,NA,NA,NA,NA,1,1,5,0,0,0,31,3,9,13,0,0,NA,NA,NA,NA
"700100312","700100312","Prevotella",337,354,0,247,171,102,134,224,0,0,46,101,261,4,67,0,25,1,182,115,434,67,0,502,0,4,0,2,0,0,NA,0,5,0,3,0,NA,NA,0,NA,NA,3,NA,5,NA,NA,NA,NA,0,0,206,0,1037,0,0,0,0,1,0,0,NA,NA,NA,NA
"700114419","700114419","Prevotella",2404,192,349,554,1072,233,696,1051,0,27,1059,58,0,376,48,399,861,138,76,122,16,151,153,2413,8,15,228,32,11,0,NA,15,16,1,16,2,NA,NA,43,NA,NA,33,NA,22,NA,NA,NA,NA,4,7,304,794,5,41,10,10,0,5,0,10,NA,NA,NA,NA
"700108058","700108058","Prevotella",1707,139,122,106,51,63,72,59,0,0,27,35,592,0,11,17,6,21,5,6,0,93,3,3520,0,3,2,8,0,2,NA,0,0,0,1,0,NA,NA,1,NA,NA,1,NA,0,NA,NA,NA,NA,1,0,69,0,0,12,0,0,2,1,0,0,NA,NA,NA,NA
"700113035","700113035","Prevotella",3896,558,606,933,875,557,783,208,450,54,315,24,102,139,112,0,233,121,0,187,27,354,84,5323,168,35,77,27,91,0,NA,1,54,21,26,4,NA,NA,33,NA,NA,3,NA,15,NA,NA,NA,NA,6,80,71,8,0,0,1,0,3,2,0,4,NA,NA,NA,NA
"700098561","700098561","Prevotella",2540,219,296,835,808,85,442,263,0,111,185,106,0,150,40,83,409,11,28,218,686,87,141,2377,24,0,86,10,46,0,NA,15,20,4,7,0,NA,NA,9,NA,NA,0,NA,3,NA,NA,NA,NA,0,5,11,0,0,39,8,1,1,12,0,3,NA,NA,NA,NA
"700114818","700114818","Prevotella",2380,87,462,217,121,242,775,516,5,0,125,331,0,0,39,1114,161,82,57,28,0,111,122,4613,0,0,6,7,0,2,NA,35,21,111,16,0,NA,NA,4,NA,NA,20,NA,12,NA,NA,NA,NA,1,0,14,0,49,0,0,0,0,2,0,5,NA,NA,NA,NA
"700024437","700024437","Prevotella",2710,980,893,883,856,322,399,1043,981,2,488,2045,224,53,96,531,595,287,0,278,15,136,105,1448,43,2,352,136,0,1,NA,0,21,18,11,6,NA,NA,36,NA,NA,43,NA,10,NA,NA,NA,NA,16,1,49,0,0,0,19,1,0,14,0,5,NA,NA,NA,NA
"700016610","700016610","Prevotella",8618,1348,404,1194,1336,410,668,2298,4,2,1092,450,776,180,70,152,678,110,1362,386,2246,1818,60,17354,252,0,494,96,0,64,NA,159,2,26,136,50,NA,NA,64,NA,NA,32,NA,120,NA,NA,NA,NA,14,0,1038,40,0,38,14,14,34,38,0,18,NA,NA,NA,NA
"700102867","700102867","Prevotella",1089,2680,325,272,257,192,541,258,318,63,146,93,0,0,123,0,8,233,348,77,1,4,78,705,67,0,4,43,0,3,NA,0,20,12,1,3,NA,NA,2,NA,NA,2,NA,19,NA,NA,NA,NA,1,0,3,0,0,0,0,0,10,5,0,0,NA,NA,NA,NA
"700015181","700015181","Ruminococcus",12442,2513,2332,755,2071,216,961,800,364,179,415,269,0,0,117,0,2204,107,47,169,1,26,248,0,181,164,1325,30,0,1,80,0,25,28,14,8,NA,NA,274,NA,NA,0,NA,12,NA,4,NA,31,39,0,0,NA,NA,0,NA,NA,NA,12,NA,NA,0,0,0,0
"700105087","700105087","Ruminococcus",2844,304,385,414,413,42,268,960,161,0,243,371,0,106,44,26,252,186,4,21,4,22,55,26,59,153,15,40,20,2,0,10,7,6,5,39,NA,NA,15,NA,NA,6,NA,0,NA,0,NA,0,46,29,73,NA,NA,0,NA,NA,NA,6,NA,NA,0,0,0,0
"700024254","700024254","Ruminococcus",6938,767,623,1000,614,1114,1502,885,48,640,1124,226,0,0,157,0,94,311,1,241,1,3,69,1,0,197,34,33,0,0,0,0,47,9,80,1,NA,NA,84,NA,NA,39,NA,37,NA,17,NA,22,3,0,0,NA,NA,0,NA,NA,NA,14,NA,NA,0,0,0,0
"700023477","700023477","Ruminococcus",3608,187,105,827,1309,313,3187,1196,126,0,206,157,1,37,21,0,61,223,0,502,3,23,13,3,0,0,30,16,0,3,4,0,23,0,0,3,NA,NA,15,NA,NA,0,NA,2,NA,2,NA,10,5,0,0,NA,NA,0,NA,NA,NA,6,NA,NA,0,0,0,0
"700023267","700023267","Ruminococcus",2064,140,291,402,114,264,438,212,0,99,137,20,0,36,46,0,9,20,40,26,2,3,0,0,102,4,5,8,0,0,0,0,7,2,0,0,NA,NA,6,NA,NA,1,NA,5,NA,0,NA,2,1,0,0,NA,NA,0,NA,NA,NA,4,NA,NA,0,0,0,0
"700095486","700095486","Ruminococcus",1451,194,657,236,645,82,265,451,18,2,260,128,0,311,133,9,95,236,0,167,198,155,12,0,51,0,30,9,3,2,0,0,69,49,66,49,NA,NA,14,NA,NA,22,NA,33,NA,17,NA,1,4,2,0,NA,NA,0,NA,NA,NA,11,NA,NA,0,0,0,0
"700023633","700023633","Ruminococcus",241,29,27,1704,1952,2097,2096,2379,336,0,2820,104,0,1,13,1,3,1037,0,227,0,0,4,816,1,0,68,9,2,8,0,0,1,0,0,27,NA,NA,27,NA,NA,12,NA,3,NA,4,NA,5,0,0,10,NA,NA,0,NA,NA,NA,113,NA,NA,0,0,0,1
"700016470","700016470","Ruminococcus",1076,125,230,605,690,34,273,375,23,24,141,166,0,76,39,0,80,119,36,105,44,44,146,0,0,0,13,2,3,0,0,0,19,8,0,12,NA,NA,27,NA,NA,2,NA,5,NA,3,NA,14,3,0,0,NA,NA,0,NA,NA,NA,27,NA,NA,0,0,0,0
"700023902","700023902","Ruminococcus",1439,231,287,1924,1061,785,392,908,72,28,200,334,0,0,591,0,37,1283,1,428,0,5,4,9,0,2634,126,260,0,36,186,0,25,1,2,1,NA,NA,13,NA,NA,21,NA,12,NA,3,NA,25,35,0,0,NA,NA,0,NA,NA,NA,12,NA,NA,0,0,0,0
"700105822","700105822","Ruminococcus",879,22,655,153,227,115,699,761,10,0,100,2,0,0,67,1,97,302,542,10,1,65,64,267,0,0,15,64,0,2,49,0,13,221,15,9,NA,NA,7,NA,NA,83,NA,26,NA,1,NA,1,39,0,3,NA,NA,0,NA,NA,NA,1,NA,NA,0,0,0,20
"700024752","700024752","Ruminococcus",1956,679,229,537,496,93,139,242,138,13,230,54,183,1044,23,527,735,5,0,87,208,208,70,1,0,9,6,55,1383,0,0,19,103,21,63,3,NA,NA,19,NA,NA,1,NA,3,NA,0,NA,1,9,851,4,NA,NA,0,NA,NA,NA,1,NA,NA,0,0,0,0
"700038005","700038005","Ruminococcus",1635,58,747,275,242,54,582,283,0,2,238,1,0,0,17,0,133,18,0,14,0,2,0,0,0,0,104,2,0,8,0,0,0,0,6,12,NA,NA,57,NA,NA,3,NA,0,NA,0,NA,0,1,0,1,NA,NA,0,NA,NA,NA,0,NA,NA,0,0,0,0
"700105459","700105459","Ruminococcus",6065,0,1903,1578,1014,781,594,999,0,557,442,226,0,465,171,0,211,113,186,140,55,108,141,1,92,27,14,58,15,0,0,0,18,8,7,1,NA,NA,92,NA,NA,12,NA,24,NA,12,NA,12,7,28,0,NA,NA,0,NA,NA,NA,14,NA,NA,2,0,1,0
"700114749","700114749","Ruminococcus",4898,413,966,233,387,54,350,226,0,1,271,148,1379,817,52,204,101,38,0,111,1233,335,498,276,156,0,8,14,0,16,0,10,5,30,10,17,NA,NA,109,NA,NA,10,NA,16,NA,1,NA,2,2,1,88,NA,NA,0,NA,NA,NA,13,NA,NA,0,0,0,0
"700100041","700100041","Ruminococcus",784,251,131,108,148,273,40,229,0,28,30,5,4,0,104,0,4,52,9,23,0,3,16,9,0,8,2,8,0,2,154,0,3,21,0,1,NA,NA,5,NA,NA,0,NA,4,NA,7,NA,0,1,0,0,NA,NA,0,NA,NA,NA,4,NA,NA,0,0,0,0
"700024866","700024866","Ruminococcus",4014,211,801,833,377,395,1325,491,0,170,265,148,0,0,112,0,374,60,63,107,198,66,0,108,0,12,37,16,0,0,0,1,13,10,4,2,NA,NA,147,NA,NA,8,NA,24,NA,1,NA,1,17,0,12,NA,NA,0,NA,NA,NA,6,NA,NA,0,0,0,0
"700107778","700107778","Ruminococcus",1120,249,903,102,717,21,166,152,5,3,88,124,0,712,18,2,464,82,0,47,127,144,46,2,271,0,160,8,6,0,0,0,4,27,17,19,NA,NA,2,NA,NA,0,NA,1,NA,0,NA,3,0,1,0,NA,NA,0,NA,NA,NA,5,NA,NA,0,0,0,0
"700114872","700114872","Ruminococcus",4782,290,653,939,848,115,1123,553,262,2,343,118,0,56,140,1,1180,83,0,23,35,209,8,521,32,3,596,36,6,0,0,94,66,3,34,0,NA,NA,132,NA,NA,8,NA,6,NA,1,NA,1,5,67,120,NA,NA,0,NA,NA,NA,1,NA,NA,8239,0,185,0
"700038520","700038520","Ruminococcus",4234,170,667,484,482,173,820,524,0,332,236,87,0,0,93,0,157,39,6,162,2,20,96,5,0,19,31,24,0,0,0,0,61,52,2,1,NA,NA,10,NA,NA,0,NA,12,NA,2,NA,0,5,0,1,NA,NA,0,NA,NA,NA,48,NA,NA,0,0,0,0
"700114125","700114125","Ruminococcus",2466,236,1358,1274,541,783,1334,767,0,115,734,439,0,103,108,0,71,304,24,89,13,50,60,0,482,131,14,59,0,2,0,0,18,5,0,0,NA,NA,32,NA,NA,0,NA,8,NA,3,NA,19,10,0,0,NA,NA,0,NA,NA,NA,21,NA,NA,0,0,0,0
"700105856","700105856","Ruminococcus",4828,440,1457,1022,733,470,298,465,0,0,155,317,0,0,67,0,831,83,16,270,0,4,239,0,48,1,406,44,0,2,0,80,1,2,4,0,NA,NA,67,NA,NA,0,NA,12,NA,7,NA,2,3,0,0,NA,NA,0,NA,NA,NA,7,NA,NA,0,0,0,0
"700021824","700021824","Ruminococcus",1130,77,142,199,323,220,216,235,16,5,128,188,0,16,19,10,19,58,0,262,3,10,50,0,0,0,9,11,0,1,0,0,0,7,1,11,NA,NA,2,NA,NA,15,NA,2,NA,0,NA,18,1,0,0,NA,NA,0,NA,NA,NA,10,NA,NA,0,0,0,0
"700024998","700024998","Ruminococcus",2603,118,515,410,684,127,565,420,3,12,398,164,0,0,29,9,530,44,0,71,14,21,47,3,56,8,120,1,2966,0,1,1,10,34,9,5,NA,NA,49,NA,NA,3,NA,1,NA,2,NA,3,1,1359,1,NA,NA,0,NA,NA,NA,2,NA,NA,0,0,0,0
"700037122","700037122","Ruminococcus",1238,24,271,311,121,63,451,75,19,116,97,26,0,0,36,0,14,74,0,16,1,2,19,3,0,16,1,10,0,0,0,0,0,0,0,0,NA,NA,3,NA,NA,4,NA,0,NA,0,NA,0,18,0,0,NA,NA,0,NA,NA,NA,0,NA,NA,2,0,0,0
"700013596","700013596","Ruminococcus",1313,60,767,83,180,107,10,384,0,0,162,24,0,0,33,0,43,10,203,13,0,8,28,0,46,112,13,5,0,47,0,31,1,16,6,8,NA,NA,14,NA,NA,1,NA,0,NA,1,NA,2,3,1,0,NA,NA,0,NA,NA,NA,6,NA,NA,0,71,0,0
"700097859","700097859","Ruminococcus",929,258,422,80,561,69,163,268,38,29,20,97,0,24,30,0,97,28,30,73,84,16,0,0,0,3,39,9,11,0,0,0,38,2,18,1,NA,NA,4,NA,NA,0,NA,14,NA,4,NA,13,2,0,0,NA,NA,0,NA,NA,NA,59,NA,NA,0,0,0,0
"700097650","700097650","Ruminococcus",1565,683,371,241,896,78,147,821,300,13,742,87,240,856,30,0,1830,153,127,64,44,115,47,282,21,234,819,18,0,0,0,0,12,137,11,28,NA,NA,21,NA,NA,4,NA,8,NA,7,NA,11,3,0,15,NA,NA,0,NA,NA,NA,18,NA,NA,0,0,0,0
"700096380","700096380","Ruminococcus",1107,85,214,140,419,79,99,226,3,0,43,121,0,0,46,0,65,30,15,54,1,23,0,0,49,20,72,28,70,0,0,0,3,2,2,0,NA,NA,11,NA,NA,5,NA,2,NA,8,NA,2,1,3,0,NA,NA,0,NA,NA,NA,17,NA,NA,0,0,0,0
"700035804","700035804","Ruminococcus",1321,25,360,44,228,15,396,568,0,347,106,319,0,52,78,0,10,58,39,20,0,6,10,0,39,3,0,0,0,0,0,1,2,17,2,0,NA,NA,1,NA,NA,8,NA,1,NA,1,NA,2,0,0,0,NA,NA,0,NA,NA,NA,4,NA,NA,0,0,0,0
"700106170","700106170","Ruminococcus",10523,522,1551,3140,2457,712,3144,3013,94,3,1578,202,0,459,361,327,409,945,304,562,48,233,107,4,51,23,189,114,0,0,0,10,64,19,73,11,NA,NA,425,NA,NA,24,NA,12,NA,2,NA,1,15,1,0,NA,NA,0,NA,NA,NA,43,NA,NA,0,30,0,0
"700103478","700103478","Ruminococcus",5727,1283,2411,1389,1535,865,1646,538,124,50,1325,153,0,169,48,642,201,167,112,140,87,59,180,0,149,3,262,12,0,0,0,32,18,36,8,6,NA,NA,177,NA,NA,3,NA,4,NA,1,NA,5,5,3,0,NA,NA,0,NA,NA,NA,14,NA,NA,0,0,0,0
"700038902","700038902","Ruminococcus",3405,281,247,280,118,322,542,183,135,0,150,233,103,61,12,40,42,115,0,74,782,148,34,278,13,0,7,8,174,2,2,64,18,8,5,56,NA,NA,3,NA,NA,0,NA,2,NA,5,NA,9,1,14,22,NA,NA,0,NA,NA,NA,5,NA,NA,0,0,0,0
"700101366","700101366","Ruminococcus",1794,111,175,250,251,58,52,80,1,7,47,87,0,151,19,145,20,38,0,148,4,7,8,0,23,6,0,8,16,0,0,95,8,2,1,6,NA,NA,1,NA,NA,0,NA,7,NA,1,NA,1,0,5,0,NA,NA,0,NA,NA,NA,0,NA,NA,0,0,0,0
"700105306","700105306","Ruminococcus",4194,513,661,853,779,116,695,250,134,87,307,839,0,230,36,290,181,6,0,34,52,172,50,0,162,0,70,32,0,2,0,1,10,12,16,0,NA,NA,20,NA,NA,0,NA,2,NA,0,NA,0,1,4,0,NA,NA,0,NA,NA,NA,0,NA,NA,0,0,0,0
"700024107","700024107","Ruminococcus",11736,1270,674,7374,3687,1655,3383,2406,89,25,1867,1124,0,1146,427,214,436,306,0,696,48,839,189,260,52,0,281,174,0,440,31,126,25,8,15,106,NA,NA,286,NA,NA,68,NA,19,NA,9,NA,54,19,6,1233,NA,NA,71,NA,NA,NA,36,NA,NA,0,0,0,30
"700109943","700109943","Ruminococcus",4229,416,1610,209,177,239,407,203,3,163,268,165,238,183,76,0,129,248,1,71,204,22,0,5,242,20,40,10,0,1,0,29,24,0,0,6,NA,NA,3,NA,NA,1,NA,0,NA,13,NA,2,2,0,0,NA,NA,0,NA,NA,NA,16,NA,NA,0,0,0,0
"700038158","700038158","Ruminococcus",1891,69,575,90,406,71,293,326,38,18,322,43,0,15,7,20,13,48,0,60,4,14,40,3,17,0,8,3,0,0,0,0,3,31,3,27,NA,NA,17,NA,NA,28,NA,1,NA,0,NA,3,5,0,0,NA,NA,0,NA,NA,NA,14,NA,NA,0,0,0,0
"700097022","700097022","Ruminococcus",1083,68,461,13,362,18,81,655,5,2,92,53,0,117,7,0,20,63,1,10,448,30,110,0,27,0,27,2,0,0,0,0,3,13,0,2,NA,NA,10,NA,NA,0,NA,0,NA,1,NA,3,0,0,0,NA,NA,0,NA,NA,NA,3,NA,NA,0,0,0,0
"700021876","700021876","Ruminococcus",5623,990,1284,2957,1752,1860,5742,1389,1015,0,233,404,0,0,394,0,54,555,0,369,4,9,126,2,0,0,124,32,0,29,0,1,33,9,5,17,NA,NA,39,NA,NA,0,NA,83,NA,11,NA,51,51,0,0,NA,NA,0,NA,NA,NA,3,NA,NA,0,0,1,0
"700014724","700014724","Ruminococcus",6715,921,1701,392,444,215,1313,925,373,2348,886,171,0,909,365,0,638,610,0,77,121,63,147,0,0,11,143,3,0,1,0,0,4,16,342,9,NA,NA,25,NA,NA,3,NA,1,NA,0,NA,14,21,0,0,NA,NA,0,NA,NA,NA,20,NA,NA,0,0,0,0
"700014723","700014723","Ruminococcus",5048,676,1130,247,397,171,1229,717,320,1934,459,141,0,646,223,0,401,572,0,74,82,64,108,0,0,5,109,3,0,0,0,1,5,7,167,4,NA,NA,10,NA,NA,3,NA,1,NA,0,NA,13,5,2,0,NA,NA,0,NA,NA,NA,7,NA,NA,0,0,0,0
"700038322","700038322","Ruminococcus",2134,292,511,378,558,46,921,339,28,0,419,113,8,3,33,477,44,209,399,133,321,156,13,676,80,0,5,9,5,0,0,1,1,9,83,11,NA,NA,10,NA,NA,8,NA,1,NA,0,NA,2,2,1,212,NA,NA,0,NA,NA,NA,16,NA,NA,0,0,0,0
"700103327","700103327","Ruminococcus",4,0,0,165,9,8,4,2,0,0,0,3,0,0,28,0,730,95,1,10,0,0,0,10,0,0,211,0,0,0,0,2,22,0,0,0,NA,NA,14,NA,NA,0,NA,7,NA,0,NA,0,0,0,0,NA,NA,0,NA,NA,NA,0,NA,NA,22,0,3,0
"700032244","700032244","Ruminococcus",265,42,118,110,314,41,51,343,11,0,37,360,0,0,98,0,1,106,0,15,0,0,7,0,0,0,7,6,0,2,44,0,19,0,0,7,NA,NA,2,NA,NA,6,NA,0,NA,3,NA,2,1,0,0,NA,NA,0,NA,NA,NA,0,NA,NA,0,0,0,0
"700014836","700014836","Ruminococcus",2215,570,562,729,1547,35,990,639,1,124,281,139,0,96,40,36,864,28,257,91,367,158,106,478,26,25,357,144,6,0,0,1,11,2,151,3,NA,NA,81,NA,NA,0,NA,1,NA,0,NA,10,3,1,4,NA,NA,468,NA,NA,NA,13,NA,NA,0,0,0,0
"700014837","700014837","Ruminococcus",7863,1923,1955,2076,4556,115,2609,2091,4,537,1264,157,0,206,160,123,3494,74,1178,262,1777,385,455,1899,87,104,778,514,10,1,0,4,23,20,798,6,NA,NA,1007,NA,NA,0,NA,13,NA,0,NA,24,10,6,18,NA,NA,1668,NA,NA,NA,29,NA,NA,3,0,0,0
"700037179","700037179","Ruminococcus",1107,997,295,137,76,29,212,73,0,4,67,3,0,0,43,47,145,58,77,1,6,16,55,0,37,96,18,7,0,2,0,4,13,1,9,4,NA,NA,36,NA,NA,17,NA,0,NA,0,NA,1,15,144,0,NA,NA,0,NA,NA,NA,0,NA,NA,0,0,0,0
"700114246","700114246","Ruminococcus",2837,506,298,911,175,504,292,309,53,0,384,28,0,14,14,0,46,30,0,35,4,25,0,18,39,70,1,2,0,1,0,0,0,15,7,1,NA,NA,1,NA,NA,10,NA,3,NA,2,NA,1,7,0,2,NA,NA,0,NA,NA,NA,11,NA,NA,0,5,0,0
"700106784","700106784","Ruminococcus",1520,400,1088,512,327,94,560,493,0,6,184,81,0,76,19,83,130,289,0,38,8,53,84,0,0,95,73,10,2,49,0,2,1,14,10,28,NA,NA,9,NA,NA,2,NA,4,NA,2,NA,1,2,14,0,NA,NA,0,NA,NA,NA,4,NA,NA,0,0,0,0
"700014490","700014490","Ruminococcus",11708,856,0,1274,3230,867,1900,489,0,753,198,464,0,1356,580,0,224,10,373,195,51,185,0,0,0,125,513,43,0,8,0,0,18,0,11,15,NA,NA,67,NA,NA,0,NA,32,NA,41,NA,27,23,0,0,NA,NA,0,NA,NA,NA,5,NA,NA,0,0,0,0
"700024673","700024673","Ruminococcus",3259,720,2566,202,171,80,140,196,140,1614,779,83,0,1055,49,0,78,195,0,12,31,165,52,1,92,49,5,3,0,2,0,0,4,2,3,0,NA,NA,8,NA,NA,0,NA,1,NA,0,NA,6,5,0,0,NA,NA,0,NA,NA,NA,4,NA,NA,0,0,0,0
"700096612","700096612","Ruminococcus",1171,0,1194,59,81,124,288,220,5,19,48,20,0,0,75,2,1,44,2,24,0,2,4,30,0,1,0,10,0,0,1,0,3,0,0,12,NA,NA,0,NA,NA,4,NA,3,NA,3,NA,2,0,0,9,NA,NA,0,NA,NA,NA,5,NA,NA,0,0,0,0
"700106093","700106093","Ruminococcus",16634,0,762,2107,571,2162,4379,829,4,11,526,234,0,0,127,5448,112,1181,4627,590,0,6,0,4,0,0,52,51,0,145,0,8,23,0,1,17,NA,NA,11,NA,NA,10,NA,12,NA,0,NA,0,120,1,0,NA,NA,0,NA,NA,NA,0,NA,NA,0,0,0,0
"700033152","700033152","Ruminococcus",7315,1458,2441,413,765,105,1398,1299,0,0,296,966,0,21,70,144,1251,565,16,151,9,27,271,38,0,132,916,102,0,8,0,8,73,2,13,1,NA,NA,86,NA,NA,7,NA,1,NA,15,NA,4,9,1,0,NA,NA,0,NA,NA,NA,99,NA,NA,0,38,0,0
"700033153","700033153","Ruminococcus",15728,3224,6624,1094,1704,174,3082,3048,0,0,1188,2530,0,60,156,408,3024,1090,46,160,20,114,596,78,0,472,2108,188,0,8,0,18,130,6,26,4,NA,NA,260,NA,NA,34,NA,6,NA,38,NA,6,28,0,0,NA,NA,0,NA,NA,NA,104,NA,NA,0,78,2,0
"700038472","700038472","Ruminococcus",5281,1041,231,3575,1518,2404,4370,569,189,21,471,285,0,11,1244,530,324,252,0,372,12,99,153,737,73,0,34,177,426,2,0,15,250,12,9,2,NA,NA,30,NA,NA,487,NA,28,NA,156,NA,3,17,146,146,NA,NA,0,NA,NA,NA,6,NA,NA,2,0,2,5
"700023987","700023987","Ruminococcus",1882,210,358,709,604,392,930,874,25,32,265,736,3,11,134,0,226,496,4,50,1,5,17,52,3,628,75,36,0,5,0,0,3,1,0,43,NA,NA,25,NA,NA,64,NA,4,NA,3,NA,26,26,0,26,NA,NA,0,NA,NA,NA,18,NA,NA,0,0,0,0
"700014845","700014845","Ruminococcus",11397,674,2,1122,177,16,6178,459,0,145,71,0,1111,0,46,0,8,27,1705,43,0,22,0,3,0,0,6,2,0,5,134,0,33,0,1,0,NA,NA,3,NA,NA,1,NA,3,NA,0,NA,0,1,0,4,NA,NA,0,NA,NA,NA,0,NA,NA,0,0,0,0
"700014844","700014844","Ruminococcus",5893,404,1,630,164,15,4162,188,0,67,13,0,571,0,28,0,7,23,723,26,0,41,0,3,0,0,4,3,0,0,87,0,11,0,0,1,NA,NA,0,NA,NA,0,NA,1,NA,1,NA,0,1,0,0,NA,NA,0,NA,NA,NA,0,NA,NA,0,0,0,0
"700038053","700038053","Ruminococcus",6433,1079,2080,3063,5549,368,2525,2055,12,31,2826,60,0,318,113,96,663,494,0,1490,79,265,206,2502,183,41,191,7,5,63,0,5,55,23,23,1124,NA,NA,91,NA,NA,5,NA,2,NA,2,NA,9,21,2,24,NA,NA,221,NA,NA,NA,27,NA,NA,3,1640,0,1
"700111318","700111318","Ruminococcus",3740,0,119,388,317,782,357,784,146,11,221,2,0,6,150,0,2,227,0,241,0,3,6,0,0,6,2,68,0,1,1,0,18,5,0,98,NA,NA,2,NA,NA,0,NA,25,NA,7,NA,9,1,0,0,NA,NA,0,NA,NA,NA,154,NA,NA,0,0,0,0
"700034254","700034254","Ruminococcus",2473,696,114,263,466,54,125,298,0,77,131,14,0,273,222,0,3,426,97,21,2,17,57,28,0,1,64,75,0,36,0,0,31,17,2,0,NA,NA,1,NA,NA,27,NA,9,NA,5,NA,0,18,0,0,NA,NA,0,NA,NA,NA,11,NA,NA,0,0,0,0
"700024509","700024509","Ruminococcus",8271,0,1837,1903,897,1119,1760,688,38,0,388,256,0,0,182,855,95,302,0,660,0,10,0,2,0,163,42,24,0,1,0,8,116,1,3,1,NA,NA,25,NA,NA,5,NA,77,NA,8,NA,7,19,1,0,NA,NA,0,NA,NA,NA,8,NA,NA,0,0,0,0
"700023313","700023313","Ruminococcus",1922,443,401,2221,3610,497,1798,3207,1,66,1241,325,0,104,198,202,553,1404,0,1579,9,34,50,2220,60,133,354,139,3,372,0,2,226,8,6,236,NA,NA,78,NA,NA,43,NA,39,NA,6,NA,4,161,1,10,NA,NA,49,NA,NA,NA,69,NA,NA,0,304,0,0
"700102541","700102541","Ruminococcus",1009,352,620,40,1419,11,69,338,3,0,136,70,17,48,13,23,76,39,6,23,0,5,33,6,90,0,20,1,0,51,35,40,1,58,2,1,NA,NA,10,NA,NA,42,NA,3,NA,0,NA,0,1,0,8,NA,NA,0,NA,NA,NA,18,NA,NA,0,0,0,0
"700024318","700024318","Ruminococcus",3530,413,820,1179,925,379,2255,792,0,2,987,255,1,256,87,114,146,232,364,102,11,299,83,102,95,123,41,23,0,164,0,0,47,12,11,6,NA,NA,29,NA,NA,17,NA,17,NA,0,NA,1,38,2,1176,NA,NA,0,NA,NA,NA,5,NA,NA,0,0,0,0
"700023936","700023936","Ruminococcus",6943,391,611,593,381,445,3113,367,0,8,141,11,0,28,11,1331,62,109,513,91,25,22,89,0,60,11,21,56,4,46,82,6,22,4,1,4,NA,NA,0,NA,NA,41,NA,62,NA,5,NA,10,15,6,0,NA,NA,0,NA,NA,NA,8,NA,NA,0,0,0,53
"700023539","700023539","Ruminococcus",4356,0,354,3141,1327,2671,3198,1712,156,0,784,771,0,0,43,99,57,2474,1,1597,0,6,0,0,0,93,111,19,0,0,0,1,71,0,2,0,NA,NA,70,NA,NA,0,NA,13,NA,0,NA,2,6,0,1,NA,NA,0,NA,NA,NA,5,NA,NA,0,0,0,0
"700103710","700103710","Ruminococcus",5640,1103,1348,790,512,211,218,460,142,945,348,116,0,0,217,0,128,411,0,49,0,18,0,0,0,2,32,77,0,11,0,0,42,1,11,33,NA,NA,35,NA,NA,1,NA,8,NA,11,NA,2,22,1,0,NA,NA,0,NA,NA,NA,3,NA,NA,2,0,0,0
"700015415","700015415","Ruminococcus",4169,99,1694,1073,3065,464,1720,3859,1,0,1611,1419,0,415,279,0,1766,1083,1644,81,0,7,16,3,9,65,1858,44,0,2,0,0,35,18,4,21,NA,NA,133,NA,NA,16,NA,16,NA,2,NA,22,26,0,1,NA,NA,0,NA,NA,NA,8,NA,NA,0,0,0,346
"700015414","700015414","Ruminococcus",2036,49,748,406,1609,194,853,2385,1,0,424,907,0,195,116,0,1309,444,647,53,1,13,7,1,4,40,764,10,0,1,0,0,9,8,3,5,NA,NA,60,NA,NA,5,NA,2,NA,1,NA,12,10,0,1,NA,NA,0,NA,NA,NA,5,NA,NA,0,0,0,109
"700097437","700097437","Ruminococcus",1879,28,97,126,65,54,176,184,0,0,164,99,0,0,26,0,1,150,84,52,0,2,0,9,0,0,4,12,0,0,0,0,7,12,1,0,NA,NA,0,NA,NA,0,NA,42,NA,6,NA,7,0,0,0,NA,NA,0,NA,NA,NA,6,NA,NA,0,0,0,0
"700096530","700096530","Ruminococcus",1072,204,39,155,258,161,75,138,8,93,27,11,0,47,27,0,44,37,0,52,147,124,23,0,0,0,5,25,11,0,1,1,3,10,3,11,NA,NA,4,NA,NA,3,NA,3,NA,7,NA,3,0,4,0,NA,NA,0,NA,NA,NA,6,NA,NA,0,0,0,0
"700095975","700095975","Ruminococcus",2231,131,769,488,698,47,65,465,55,0,194,129,0,0,29,0,99,17,0,83,0,6,49,0,55,0,5,3,0,3,0,13,11,26,2,1,NA,NA,10,NA,NA,0,NA,5,NA,3,NA,1,2,0,0,NA,NA,0,NA,NA,NA,4,NA,NA,0,0,0,0
"700101600","700101600","Ruminococcus",623,177,393,84,302,49,51,122,69,1,116,5,224,64,6,39,125,45,0,19,2,85,21,7,18,0,18,5,84,67,0,16,7,8,10,5,NA,NA,1,NA,NA,0,NA,8,NA,2,NA,1,1,12,130,NA,NA,0,NA,NA,NA,12,NA,NA,0,0,0,0
"700113093","700113093","Ruminococcus",5636,0,0,821,490,191,1424,361,0,314,485,0,779,0,241,0,29,33,4,123,0,44,0,17,0,0,38,51,0,81,0,0,28,0,2,1,NA,NA,8,NA,NA,110,NA,25,NA,80,NA,0,18,0,1,NA,NA,0,NA,NA,NA,1,NA,NA,0,0,0,0
"700095669","700095669","Ruminococcus",680,160,272,75,620,4,204,294,0,17,46,169,0,425,7,0,49,70,48,97,12,10,76,0,4,150,248,1,0,0,0,0,13,9,0,1,NA,NA,10,NA,NA,19,NA,0,NA,5,NA,25,10,0,0,NA,NA,0,NA,NA,NA,16,NA,NA,0,3,0,0
"700110007","700110007","Ruminococcus",754,259,12,135,2422,66,370,3011,10,0,1375,69,86,106,54,0,125,5,0,188,4,49,25,959,5,0,116,135,0,266,21,0,2,4,2476,265,NA,NA,15,NA,NA,6,NA,5,NA,1,NA,5,3,0,21,NA,NA,0,NA,NA,NA,45,NA,NA,0,0,0,17
"700105496","700105496","Ruminococcus",9988,151,289,1875,788,731,4851,554,345,0,388,128,0,43,72,0,70,224,0,135,428,312,0,4,201,0,21,26,0,29,0,23,16,1,136,1,NA,NA,2,NA,NA,3,NA,5,NA,2,NA,3,26,0,0,NA,NA,0,NA,NA,NA,4,NA,NA,0,0,0,0
"700105723","700105723","Ruminococcus",6832,156,3225,1125,769,410,760,477,304,0,261,11,0,48,40,0,641,5,0,127,29,75,77,1,215,389,121,10,0,6,0,0,4,15,13,1,NA,NA,16,NA,NA,10,NA,12,NA,0,NA,1,17,6,0,NA,NA,0,NA,NA,NA,7,NA,NA,0,0,0,0
"700023023","700023023","Ruminococcus",2766,289,361,1289,788,925,1448,948,0,0,327,892,0,0,51,0,54,289,293,534,0,8,26,2,0,32,16,53,0,0,0,55,8,0,0,1,NA,NA,14,NA,NA,3,NA,26,NA,3,NA,5,10,0,1,NA,NA,0,NA,NA,NA,14,NA,NA,2,0,1,0
"700095372","700095372","Ruminococcus",2576,750,744,135,588,27,67,207,248,57,368,59,0,51,32,4,643,13,290,69,28,38,43,124,181,19,434,16,0,0,0,0,0,7,12,13,NA,NA,59,NA,NA,0,NA,1,NA,1,NA,2,4,1,0,NA,NA,0,NA,NA,NA,3,NA,NA,0,0,0,0
"700097994","700097994","Ruminococcus",741,224,80,45,223,32,691,244,17,22,58,94,45,15,12,0,21,68,9,47,297,15,23,0,4,0,10,10,0,0,0,0,8,7,568,0,NA,NA,4,NA,NA,0,NA,10,NA,7,NA,10,1,0,0,NA,NA,0,NA,NA,NA,9,NA,NA,0,0,0,0
"700097710","700097710","Ruminococcus",3679,466,858,292,673,108,205,233,136,1,207,26,0,442,39,49,117,21,0,33,1142,90,47,0,125,21,37,8,0,0,3,4,5,7,7,15,NA,NA,5,NA,NA,1,NA,16,NA,0,NA,2,2,0,0,NA,NA,0,NA,NA,NA,7,NA,NA,0,0,0,2
"700099081","700099081","Ruminococcus",2718,762,237,983,991,143,543,440,32,10,96,106,0,132,108,221,805,40,0,200,150,62,109,57,19,377,131,14,393,121,0,14,68,10,38,21,NA,NA,52,NA,NA,1,NA,14,NA,4,NA,6,0,843,17,NA,NA,0,NA,NA,NA,2,NA,NA,0,0,0,0
"700024615","700024615","Ruminococcus",4629,755,1799,91,187,131,585,365,67,127,767,235,0,850,3,482,137,14,0,15,92,279,38,0,106,0,3,3,0,1,0,7,0,60,16,2,NA,NA,3,NA,NA,0,NA,2,NA,0,NA,0,1,1,0,NA,NA,0,NA,NA,NA,9,NA,NA,0,0,0,0
"700096180","700096180","Ruminococcus",474,74,11,126,284,50,77,543,11,0,366,154,34,8,126,0,30,21,0,108,0,6,2,171,4,0,25,73,0,181,5,0,0,4,190,11,NA,NA,3,NA,NA,27,NA,8,NA,4,NA,19,0,0,6,NA,NA,0,NA,NA,NA,14,NA,NA,0,0,1,18
"700105372","700105372","Ruminococcus",3357,89,922,926,750,260,759,1046,0,1,358,303,1,341,48,516,343,71,79,50,26,469,50,7,88,29,37,30,18,13,0,10,39,8,17,3,NA,NA,49,NA,NA,0,NA,6,NA,0,NA,0,7,3,866,NA,NA,0,NA,NA,NA,0,NA,NA,0,0,0,0
"700100619","700100619","Ruminococcus",749,267,223,936,885,106,246,345,42,44,84,49,0,162,37,0,70,269,54,166,6,7,126,113,72,2,32,9,0,0,0,0,22,5,5,12,NA,NA,9,NA,NA,7,NA,39,NA,5,NA,1,2,0,0,NA,NA,0,NA,NA,NA,24,NA,NA,0,0,0,0
"700113562","700113562","Ruminococcus",3669,228,228,489,467,421,1302,1251,83,78,301,1406,0,0,76,0,202,81,0,141,1,12,43,0,0,149,3,4,128,0,0,1,26,4,15,2,NA,NA,4,NA,NA,5,NA,8,NA,7,NA,0,3,135,0,NA,NA,0,NA,NA,NA,9,NA,NA,0,0,0,0
"700095235","700095235","Ruminococcus",727,492,374,128,123,189,27,57,0,1,15,75,0,455,2,0,71,10,6,2,4,4,7,0,7,1,41,4,0,0,0,1,0,0,8,0,NA,NA,1,NA,NA,0,NA,0,NA,0,NA,0,0,0,0,NA,NA,0,NA,NA,NA,3,NA,NA,0,0,0,0
"700108858","700108858","Ruminococcus",1763,1049,169,481,138,466,79,139,137,410,150,81,0,0,81,0,101,25,0,63,1,4,0,0,128,2,66,9,108,0,0,0,15,3,0,3,NA,NA,3,NA,NA,0,NA,0,NA,2,NA,16,0,44,0,NA,NA,0,NA,NA,NA,8,NA,NA,0,0,0,0
"700110243","700110243","Ruminococcus",10783,647,1306,1472,1402,157,889,1057,5,101,276,70,0,509,144,0,273,656,0,299,44,81,233,0,54,24,188,33,0,0,0,89,46,4,1160,4,NA,NA,35,NA,NA,4,NA,4,NA,14,NA,37,1,0,0,NA,NA,0,NA,NA,NA,40,NA,NA,0,0,0,0
"700098381","700098381","Ruminococcus",3033,1057,208,216,178,8,269,249,0,633,153,9,0,383,1,0,88,14,46,15,503,145,40,0,51,14,23,5,0,1,0,0,0,10,43,36,NA,NA,3,NA,NA,0,NA,0,NA,0,NA,1,4,0,0,NA,NA,0,NA,NA,NA,0,NA,NA,0,932,0,0
"700105181","700105181","Ruminococcus",16208,699,1001,3145,1553,748,5537,8948,0,832,5320,1507,1,2,193,0,615,641,3796,1210,2789,791,456,55,0,0,174,45,0,63,0,0,87,29,52,74,NA,NA,280,NA,NA,7,NA,33,NA,1,NA,0,167,0,992,NA,NA,0,NA,NA,NA,20,NA,NA,0,0,0,0
"700032414","700032414","Ruminococcus",1264,125,48,66,53,101,123,108,0,37,62,103,0,25,11,0,44,14,12,52,4,10,19,181,0,0,18,4,0,1,0,47,3,0,0,0,NA,NA,1,NA,NA,0,NA,1,NA,8,NA,3,0,1,1,NA,NA,0,NA,NA,NA,4,NA,NA,0,0,0,0
"700105771","700105771","Ruminococcus",1267,190,1175,769,714,32,1196,3022,45,87,1586,102,0,590,43,0,162,365,1,5,20,75,47,1,18,42,27,12,0,0,0,0,5,2,5,0,NA,NA,115,NA,NA,0,NA,0,NA,0,NA,0,3,0,0,NA,NA,0,NA,NA,NA,0,NA,NA,0,0,0,0
"700014391","700014391","Ruminococcus",7671,1025,1821,597,478,54,392,561,193,42,1412,104,0,95,90,79,863,103,533,248,106,122,77,48,319,134,235,172,0,8,0,1,8,6,20,2,NA,NA,49,NA,NA,64,NA,4,NA,0,NA,0,161,0,1,NA,NA,0,NA,NA,NA,0,NA,NA,0,0,0,34
"700014390","700014390","Ruminococcus",7007,1009,1452,406,1030,102,508,867,300,41,869,137,0,221,103,75,583,174,398,303,75,100,113,63,332,123,313,162,0,6,0,2,10,24,14,16,NA,NA,33,NA,NA,60,NA,5,NA,13,NA,7,97,0,2,NA,NA,0,NA,NA,NA,25,NA,NA,0,0,0,32
"700024379","700024379","Ruminococcus",6354,194,1695,607,475,189,1889,506,148,51,477,45,0,710,103,0,235,128,0,97,60,256,41,5,172,20,122,29,83,0,0,0,6,10,7,2,NA,NA,12,NA,NA,7,NA,5,NA,4,NA,1,1,28,0,NA,NA,0,NA,NA,NA,4,NA,NA,0,0,0,0
"700038386","700038386","Ruminococcus",3966,1056,302,325,326,144,295,333,33,1,871,27,13,237,49,627,79,44,0,36,39,89,33,354,20,0,8,35,0,16,0,11,20,33,9,41,NA,NA,27,NA,NA,24,NA,2,NA,27,NA,2,13,3,48,NA,NA,0,NA,NA,NA,1,NA,NA,0,0,0,0
"700014489","700014489","Ruminococcus",11441,796,0,1576,2652,624,1506,476,0,523,258,577,0,1141,655,0,268,10,414,140,3,40,0,0,0,66,1043,54,0,20,0,0,20,0,8,1,NA,NA,124,NA,NA,0,NA,35,NA,33,NA,21,25,0,0,NA,NA,0,NA,NA,NA,3,NA,NA,0,0,0,0
"700105632","700105632","Ruminococcus",2748,248,482,609,390,216,677,561,17,5,113,82,0,92,5,0,110,131,6,28,7,43,12,0,26,1,95,2,2,0,0,0,2,68,9,8,NA,NA,23,NA,NA,6,NA,1,NA,0,NA,0,0,0,0,NA,NA,0,NA,NA,NA,1,NA,NA,0,0,0,0
"700114517","700114517","Ruminococcus",3599,199,0,303,384,326,772,55,19,49,18,0,0,121,118,0,36,86,0,41,2,76,0,1,0,0,17,7,0,0,0,0,9,0,1,0,NA,NA,3,NA,NA,1,NA,6,NA,0,NA,1,0,0,0,NA,NA,0,NA,NA,NA,0,NA,NA,929,0,1380,0
"700014561","700014561","Ruminococcus",5098,3000,469,281,880,122,382,1968,0,846,258,864,0,466,9,0,264,30,4,58,1330,477,23,0,31,10,34,4,10,2,0,0,0,11,185,20,NA,NA,47,NA,NA,0,NA,4,NA,2,NA,6,3,2,0,NA,NA,3,NA,NA,NA,6,NA,NA,0,415,0,0
"700014562","700014562","Ruminococcus",5320,3185,660,263,748,122,394,2023,0,667,272,838,0,519,9,0,173,34,1,48,1601,667,29,3,35,8,32,6,19,9,0,0,0,13,395,16,NA,NA,56,NA,NA,0,NA,9,NA,2,NA,3,3,1,0,NA,NA,3,NA,NA,NA,9,NA,NA,0,319,0,0
"700114653","700114653","Ruminococcus",4193,95,367,226,507,12,3852,632,0,14,220,176,45,0,13,0,74,132,33,38,0,28,26,0,0,14,37,4,11,0,0,0,7,1,2,3,NA,NA,4,NA,NA,0,NA,4,NA,0,NA,2,3,4,1,NA,NA,0,NA,NA,NA,6,NA,NA,0,0,0,2
"700107508","700107508","Ruminococcus",2735,903,369,94,834,21,35,332,23,6,202,1,242,1134,35,40,153,13,11,58,18,76,18,227,87,0,139,39,0,4,0,0,0,46,2,1,NA,NA,11,NA,NA,1,NA,8,NA,0,NA,10,0,0,55,NA,NA,0,NA,NA,NA,8,NA,NA,0,0,0,0
"700035256","700035256","Ruminococcus",475,85,968,87,493,16,25,318,556,50,130,674,33,13,485,0,46,137,0,9,6,2,8,24,16,0,25,1,71,0,0,0,27,27,14,19,NA,NA,8,NA,NA,0,NA,4,NA,0,NA,1,1,5,8,NA,NA,0,NA,NA,NA,54,NA,NA,4,0,0,0
"700024233","700024233","Ruminococcus",7128,0,0,1021,411,912,1368,376,0,828,107,82,0,0,82,0,82,247,198,165,0,4,0,1,0,0,41,32,0,4,0,0,7,0,0,4,NA,NA,8,NA,NA,108,NA,65,NA,3,NA,1,10,1,0,NA,NA,0,NA,NA,NA,9,NA,NA,0,0,0,0
"700038978","700038978","Ruminococcus",3229,260,899,679,578,190,525,695,37,10,936,4,260,244,19,203,485,38,0,51,292,657,32,4,304,0,129,5,0,16,0,10,9,48,75,27,NA,NA,27,NA,NA,9,NA,2,NA,0,NA,1,6,0,904,NA,NA,0,NA,NA,NA,25,NA,NA,0,1,0,0
"700023654","700023654","Ruminococcus",740,45,965,1570,849,836,136,3084,37,0,55,527,0,15,44,0,467,259,0,36,0,9,18,0,0,665,532,22,0,0,0,0,2,11,7,0,NA,NA,15,NA,NA,59,NA,8,NA,8,NA,45,23,0,0,NA,NA,0,NA,NA,NA,14,NA,NA,0,0,0,0
"700016716","700016716","Ruminococcus",1461,41,229,89,164,44,135,592,344,3,235,308,0,0,83,0,5,220,172,31,0,1,8,292,2,3,23,77,0,5,0,0,17,4,1,11,NA,NA,6,NA,NA,19,NA,23,NA,11,NA,10,1,0,1,NA,NA,0,NA,NA,NA,17,NA,NA,0,0,0,0
"700037200","700037200","Ruminococcus",376,146,3230,180,222,108,209,269,0,0,148,321,0,0,235,0,444,750,3339,24,0,4,0,3,0,61,364,38,0,2,0,0,5,9,4,7,NA,NA,42,NA,NA,136,NA,1,NA,0,NA,7,3,0,1,NA,NA,0,NA,NA,NA,10,NA,NA,0,0,0,0
"700035321","700035321","Ruminococcus",755,159,976,27,28,3,10,163,153,2,47,2,25,47,32,97,11,4,0,2,147,28,5,36,21,0,0,1,9,1,52,1,0,3,213,56,NA,NA,0,NA,NA,2,NA,0,NA,1,NA,0,0,1,0,NA,NA,0,NA,NA,NA,0,NA,NA,2,0,0,9
"700108240","700108240","Ruminococcus",5364,227,579,319,1100,31,1370,1613,0,51,134,253,0,458,123,0,20,674,89,212,5,11,0,6,85,219,7,19,0,5,0,0,9,0,0,2,NA,NA,12,NA,NA,5,NA,34,NA,4,NA,64,1,0,0,NA,NA,0,NA,NA,NA,76,NA,NA,0,0,0,0
"700037560","700037560","Ruminococcus",8348,640,300,5736,3123,4376,3956,2070,122,35,1595,419,2,304,468,153,292,664,0,462,33,644,64,538,26,0,175,217,0,296,39,60,79,7,9,212,NA,NA,274,NA,NA,106,NA,14,NA,4,NA,26,24,2,895,NA,NA,87,NA,NA,NA,34,NA,NA,0,0,1,20
"700110111","700110111","Ruminococcus",879,318,316,101,135,218,173,71,7,26,56,56,0,110,32,0,48,28,1,18,2,4,65,0,16,72,9,9,0,0,0,0,4,2,1,0,NA,NA,3,NA,NA,0,NA,4,NA,2,NA,5,0,0,0,NA,NA,0,NA,NA,NA,10,NA,NA,0,0,0,0
"700098451","700098451","Ruminococcus",1451,227,169,119,249,203,281,270,12,60,30,119,0,83,27,0,6,147,0,56,5,7,24,1,5,0,3,10,0,33,1,0,4,6,1,0,NA,NA,2,NA,NA,1,NA,11,NA,1,NA,4,0,0,0,NA,NA,0,NA,NA,NA,20,NA,NA,0,0,0,0
"700023096","700023096","Ruminococcus",14799,742,873,1425,875,2057,4424,1947,666,35,439,100,0,387,49,377,287,595,0,165,15,132,136,3,0,0,196,9,0,27,0,13,60,7,8,12,NA,NA,17,NA,NA,9,NA,22,NA,1,NA,34,75,0,0,NA,NA,0,NA,NA,NA,29,NA,NA,2,0,0,0
"700106056","700106056","Ruminococcus",3157,162,1519,613,565,326,598,492,8,98,404,369,0,86,24,0,607,107,1,25,32,65,31,2,10,106,159,4,0,2,0,1,0,8,9,31,NA,NA,57,NA,NA,23,NA,1,NA,1,NA,21,8,0,0,NA,NA,0,NA,NA,NA,2,NA,NA,0,0,0,0
"700110834","700110834","Ruminococcus",1599,133,149,346,187,128,346,271,51,49,54,77,0,52,106,0,21,49,0,41,0,5,28,0,6,0,12,16,0,15,1,0,12,3,3,10,NA,NA,7,NA,NA,0,NA,4,NA,1,NA,1,7,0,0,NA,NA,0,NA,NA,NA,1,NA,NA,0,0,0,0
"700109129","700109129","Ruminococcus",4486,1127,423,216,1241,24,3374,1338,3,183,114,450,337,84,38,0,394,179,10,95,641,64,35,0,3,1,101,30,0,0,3,0,7,12,2848,0,NA,NA,83,NA,NA,0,NA,45,NA,4,NA,8,8,0,1,NA,NA,0,NA,NA,NA,5,NA,NA,0,0,0,1
"700034641","700034641","Ruminococcus",1399,520,872,219,391,271,88,101,33,38,38,34,0,0,106,0,21,20,0,33,2,4,125,1,0,2,2,15,0,20,0,0,12,0,0,11,NA,NA,5,NA,NA,0,NA,6,NA,44,NA,8,2,0,0,NA,NA,0,NA,NA,NA,6,NA,NA,0,0,0,0
"700035861","700035861","Ruminococcus",1667,0,203,259,414,200,116,521,0,10,266,75,0,2,196,8,7,299,295,53,8,10,8,0,6,0,4,35,0,0,0,0,5,11,3,2,NA,NA,5,NA,NA,0,NA,8,NA,0,NA,1,1,0,0,NA,NA,0,NA,NA,NA,8,NA,NA,0,0,0,0
"700023788","700023788","Ruminococcus",2293,48,195,502,436,196,1602,1100,0,18,207,462,115,0,40,0,67,925,233,104,0,14,19,0,0,137,10,31,2,2,0,0,53,0,1,5,NA,NA,2,NA,NA,0,NA,19,NA,0,NA,10,9,4,0,NA,NA,0,NA,NA,NA,8,NA,NA,0,0,0,1
"700035953","700035953","Ruminococcus",315,26,49,9,21,3,18,228,0,1,107,30,0,102,2,3,33,2,88,7,0,1,3,52,47,25,17,4,11,0,0,0,0,11,0,0,NA,NA,0,NA,NA,0,NA,1,NA,0,NA,0,0,0,0,NA,NA,0,NA,NA,NA,0,NA,NA,0,0,0,0
"700105612","700105612","Ruminococcus",7020,640,892,806,944,606,3823,1372,103,641,1060,256,0,51,100,10,587,291,0,736,13,23,47,5,22,0,417,24,8,0,38,2,35,64,7,125,NA,NA,48,NA,NA,2,NA,8,NA,1,NA,41,10,0,1,NA,NA,0,NA,NA,NA,27,NA,NA,0,0,1,0
"700037341","700037341","Ruminococcus",1733,198,396,304,245,34,801,169,27,108,107,40,0,55,48,0,256,58,0,107,23,55,54,0,36,14,111,11,0,5,0,0,2,4,11,2,NA,NA,57,NA,NA,2,NA,1,NA,0,NA,0,13,57,4,NA,NA,0,NA,NA,NA,0,NA,NA,0,0,0,0
"700014504","700014504","Ruminococcus",8127,834,218,2262,978,365,876,442,685,0,178,143,258,97,1373,9,31,273,16,503,2,19,21,229,25,31,34,84,1,15,0,1,232,21,1,22,NA,NA,5,NA,NA,41,NA,171,NA,612,NA,4,17,0,52,NA,NA,0,NA,NA,NA,6,NA,NA,0,0,1,143
"700014503","700014503","Ruminococcus",5998,606,174,1947,861,344,861,305,869,0,161,111,226,59,1168,14,34,233,13,559,1,43,11,269,25,66,35,68,2,21,0,0,255,19,3,14,NA,NA,6,NA,NA,29,NA,103,NA,439,NA,20,8,2,23,NA,NA,0,NA,NA,NA,4,NA,NA,0,0,0,108
"700106579","700106579","Ruminococcus",1182,55,2239,157,140,53,93,377,0,0,105,246,0,0,24,0,42,110,182,4,2,24,0,0,0,81,13,8,0,1,0,0,2,70,9,10,NA,NA,6,NA,NA,10,NA,0,NA,0,NA,4,7,0,0,NA,NA,0,NA,NA,NA,3,NA,NA,0,0,0,170
"700016029","700016029","Ruminococcus",6820,488,1968,1070,1112,372,54,14006,4,44,7760,5806,26,116,208,0,618,314,2,134,20,34,24,14,108,286,70,28,0,0,428,8,512,4,6,22,NA,NA,42,NA,NA,14,NA,0,NA,20,NA,36,222,0,0,NA,NA,0,NA,NA,NA,348,NA,NA,0,0,2,0
"700016028","700016028","Ruminococcus",2810,182,687,467,400,90,20,5975,2,13,2951,1567,13,56,73,0,265,94,1,40,8,3,8,5,30,96,15,7,0,0,155,3,194,2,2,5,NA,NA,21,NA,NA,1,NA,0,NA,5,NA,8,74,0,0,NA,NA,0,NA,NA,NA,72,NA,NA,0,0,0,0
"700023578","700023578","Ruminococcus",350,8,62,803,984,585,139,1345,344,1,241,563,0,16,124,2,50,1472,499,101,1,4,1,0,1,1,74,94,0,0,0,0,47,9,0,11,NA,NA,54,NA,NA,17,NA,12,NA,0,NA,38,10,0,0,NA,NA,0,NA,NA,NA,20,NA,NA,0,0,0,0
